TRAIN,C:/Users/antor/Desktop/Number Plate/dataset/cars/licensed_car0.jpeg,plate,0.722084367,0.587982833,,,0.868486352,0.688841202,,
TRAIN,C:/Users/antor/Desktop/Number Plate/dataset/cars/licensed_car1.jpeg,plate,0.16194332,0.85077951,,,0.582995951,1,,
TRAIN,C:/Users/antor/Desktop/Number Plate/dataset/cars/licensed_car2.jpeg,plate,0.082,0.697452229,,,0.23,0.828025478,,
TRAIN,C:/Users/antor/Desktop/Number Plate/dataset/cars/licensed_car3.jpeg,plate,0.434,0.667377399,,,0.718,0.765458422,,
TRAIN,C:/Users/antor/Desktop/Number Plate/dataset/cars/licensed_car4.jpeg,plate,0.208791209,0.390763766,,,0.865134865,0.98401421,,
TRAIN,C:/Users/antor/Desktop/Number Plate/dataset/cars/licensed_car5.jpeg,plate,0.254807692,0.649651972,,,0.627403846,0.777262181,,
TRAIN,C:/Users/antor/Desktop/Number Plate/dataset/cars/licensed_car6.jpeg,plate,0.411978221,0.52967033,,,0.805807623,0.692307692,,
TRAIN,C:/Users/antor/Desktop/Number Plate/dataset/cars/licensed_car7.jpeg,plate,0.485454545,0.461824953,,,0.72,0.595903166,,
TRAIN,C:/Users/antor/Desktop/Number Plate/dataset/cars/licensed_car8.jpeg,plate,0.410757946,0.453714286,,,0.568867156,0.516571429,,
TRAIN,C:/Users/antor/Desktop/Number Plate/dataset/cars/licensed_car9.jpeg,plate,0.413202934,0.397101449,,,0.586797066,0.623188406,,
TRAIN,C:/Users/antor/Desktop/Number Plate/dataset/cars/licensed_car10.jpeg,plate,0.31152648,0.345,,,0.657320872,0.5475,,
TRAIN,C:/Users/antor/Desktop/Number Plate/dataset/cars/licensed_car11.jpeg,plate,0.33984375,0.491547464,,,0.487304688,0.568270481,,
TRAIN,C:/Users/antor/Desktop/Number Plate/dataset/cars/licensed_car12.jpeg,plate,0.3359375,0.427586207,,,0.6828125,0.549425287,,
TRAIN,C:/Users/antor/Desktop/Number Plate/dataset/cars/licensed_car13.jpeg,plate,0.18,0.415730337,,,0.443636364,0.629213483,,
TRAIN,C:/Users/antor/Desktop/Number Plate/dataset/cars/licensed_car14.jpeg,plate,0.302,0.388679245,,,0.72,0.701886792,,
TRAIN,C:/Users/antor/Desktop/Number Plate/dataset/cars/licensed_car15.jpeg,plate,0.354005168,0.535825545,,,0.667958656,0.671339564,,
TRAIN,C:/Users/antor/Desktop/Number Plate/dataset/cars/licensed_car16.jpeg,plate,0.379713914,0.618705036,,,0.635890767,0.767386091,,
TRAIN,C:/Users/antor/Desktop/Number Plate/dataset/cars/licensed_car17.jpeg,plate,0.128205128,0.590163934,,,0.39957265,0.765027322,,
TRAIN,C:/Users/antor/Desktop/Number Plate/dataset/cars/licensed_car18.jpeg,plate,0.678861789,0.486005089,,,0.880081301,0.595419847,,
TRAIN,C:/Users/antor/Desktop/Number Plate/dataset/cars/licensed_car19.jpeg,plate,0.285092492,0.357142857,,,0.807399347,0.738721805,,
TRAIN,C:/Users/antor/Desktop/Number Plate/dataset/cars/licensed_car20.jpeg,plate,0.314893617,0.474666667,,,0.755319149,0.733333333,,
TRAIN,C:/Users/antor/Desktop/Number Plate/dataset/cars/licensed_car21.jpeg,plate,0.340399002,0.004878049,,,0.637157107,0.107317073,,
TRAIN,C:/Users/antor/Desktop/Number Plate/dataset/cars/licensed_car22.jpeg,plate,0.325520833,0.494140625,,,0.634114583,0.5703125,,
TRAIN,C:/Users/antor/Desktop/Number Plate/dataset/cars/licensed_car23.jpeg,plate,0.375,0.413085938,,,0.744791667,0.484375,,
TRAIN,C:/Users/antor/Desktop/Number Plate/dataset/cars/licensed_car24.jpeg,plate,0.27,0.548476454,,,0.718333333,0.770083102,,
TRAIN,C:/Users/antor/Desktop/Number Plate/dataset/cars/licensed_car25.jpeg,plate,0.453525641,0.395555556,,,0.693910256,0.491111111,,
TRAIN,C:/Users/antor/Desktop/Number Plate/dataset/cars/licensed_car26.jpeg,plate,0.305,0.450617284,,,0.761666667,0.658436214,,
TRAIN,C:/Users/antor/Desktop/Number Plate/dataset/cars/licensed_car27.jpeg,plate,0.098,0.463659148,,,0.494,0.736842105,,
TRAIN,C:/Users/antor/Desktop/Number Plate/dataset/cars/licensed_car30.jpeg,plate,0.188264059,0.213751868,,,0.954360228,0.831091181,,
TRAIN,C:/Users/antor/Desktop/Number Plate/dataset/cars/licensed_car31.jpeg,plate,0.45,0.492882562,,,0.568,0.633451957,,
TRAIN,C:/Users/antor/Desktop/Number Plate/dataset/cars/licensed_car32.jpeg,plate,0.185245902,0.490721649,,,0.460655738,0.64742268,,
TRAIN,C:/Users/antor/Desktop/Number Plate/dataset/cars/licensed_car33.jpeg,plate,0.063013699,0.619893428,,,0.35890411,0.740674956,,
TRAIN,C:/Users/antor/Desktop/Number Plate/dataset/cars/licensed_car34.jpeg,plate,0.318663407,0.391411043,,,0.668296659,0.548466258,,
TRAIN,C:/Users/antor/Desktop/Number Plate/dataset/cars/licensed_car35.jpeg,plate,0.370588235,0.386196769,,,0.64,0.472834068,,
TRAIN,C:/Users/antor/Desktop/Number Plate/dataset/cars/licensed_car36.jpeg,plate,0.303125,0.4125,,,0.609375,0.579166667,,
TRAIN,C:/Users/antor/Desktop/Number Plate/dataset/cars/licensed_car37.jpeg,plate,0.401315789,0.435483871,,,0.631578947,0.685483871,,
TRAIN,C:/Users/antor/Desktop/Number Plate/dataset/cars/licensed_car38.jpeg,plate,0.486552567,0.528985507,,,0.559087205,0.571014493,,
TRAIN,C:/Users/antor/Desktop/Number Plate/dataset/cars/licensed_car39.jpeg,plate,0.026666667,0.36,,,0.996666667,0.746666667,,
TRAIN,C:/Users/antor/Desktop/Number Plate/dataset/cars/licensed_car40.jpeg,plate,0.221428571,0.392703863,,,0.45,0.551502146,,
TRAIN,C:/Users/antor/Desktop/Number Plate/dataset/cars/licensed_car41.jpeg,plate,0.299227799,0.493449782,,,0.654440154,0.650655022,,
TRAIN,C:/Users/antor/Desktop/Number Plate/dataset/cars/licensed_car42.jpeg,plate,0.052,0.640586797,,,0.328,0.804400978,,
TRAIN,C:/Users/antor/Desktop/Number Plate/dataset/cars/licensed_car44.jpeg,plate,0.496666667,0.58,,,0.739166667,0.6625,,
TRAIN,C:/Users/antor/Desktop/Number Plate/dataset/cars/licensed_car45.jpeg,plate,0.685185185,0.44591029,,,0.898989899,0.564643799,,
TRAIN,C:/Users/antor/Desktop/Number Plate/dataset/cars/licensed_car46.jpeg,plate,0.307823129,0.586134454,,,0.644557823,0.737394958,,
TRAIN,C:/Users/antor/Desktop/Number Plate/dataset/cars/licensed_car47.jpeg,plate,0.387695313,0.617302053,,,0.583984375,0.708211144,,
TRAIN,C:/Users/antor/Desktop/Number Plate/dataset/cars/licensed_car48.jpeg,plate,0.244498778,0.343596059,,,0.879380603,0.626847291,,
TRAIN,C:/Users/antor/Desktop/Number Plate/dataset/cars/licensed_car49.jpeg,plate,0.337243402,0.532608696,,,0.607038123,0.654891304,,
TRAIN,C:/Users/antor/Desktop/Number Plate/dataset/cars/licensed_car50.jpeg,plate,0.460416667,0.5515625,,,0.69375,0.61640625,,
TRAIN,C:/Users/antor/Desktop/Number Plate/dataset/cars/licensed_car51.jpeg,plate,0.610197368,0.668874172,,,0.822368421,0.864238411,,
TRAIN,C:/Users/antor/Desktop/Number Plate/dataset/cars/licensed_car52.jpeg,plate,0.104477612,0.669724771,,,0.417910448,0.793577982,,
TRAIN,C:/Users/antor/Desktop/Number Plate/dataset/cars/licensed_car53.jpeg,plate,0.52,0.561151079,,,0.8875,0.701438849,,
TRAIN,C:/Users/antor/Desktop/Number Plate/dataset/cars/licensed_car54.jpeg,plate,0.26,0.612299465,,,0.7025,0.770053476,,
TRAIN,C:/Users/antor/Desktop/Number Plate/dataset/cars/licensed_car55.jpeg,plate,0.562,0.698884758,,,0.886,0.881040892,,
TRAIN,C:/Users/antor/Desktop/Number Plate/dataset/cars/licensed_car56.jpeg,plate,0.373046875,0.485330073,,,0.509765625,0.540342298,,
TRAIN,C:/Users/antor/Desktop/Number Plate/dataset/cars/licensed_car57.jpeg,plate,0.201360544,0.344045369,,,0.39047619,0.442344045,,
TRAIN,C:/Users/antor/Desktop/Number Plate/dataset/cars/licensed_car58.jpeg,plate,0.168190128,0.465201465,,,0.550274223,0.673992674,,
TRAIN,C:/Users/antor/Desktop/Number Plate/dataset/cars/licensed_car59.jpeg,plate,0.294,0.5625,,,0.714,0.778846154,,
TRAIN,C:/Users/antor/Desktop/Number Plate/dataset/cars/licensed_car60.jpeg,plate,0.316218419,0.530434783,,,0.461287694,0.617391304,,
TRAIN,C:/Users/antor/Desktop/Number Plate/dataset/cars/licensed_car61.jpeg,plate,0.297101449,0.483796296,,,0.702898551,0.604166667,,
TRAIN,C:/Users/antor/Desktop/Number Plate/dataset/cars/licensed_car62.jpeg,plate,0.012,0.040816327,,,0.99,1,,
TRAIN,C:/Users/antor/Desktop/Number Plate/dataset/cars/licensed_car63.jpeg,plate,0.105105105,0.39,,,0.576576577,0.544,,
TRAIN,C:/Users/antor/Desktop/Number Plate/dataset/cars/licensed_car64.jpeg,plate,0.203278689,0.481751825,,,0.573770492,0.693430657,,
TRAIN,C:/Users/antor/Desktop/Number Plate/dataset/cars/licensed_car65.jpeg,plate,0.076,0.134078212,,,0.996,0.932960894,,
TRAIN,C:/Users/antor/Desktop/Number Plate/dataset/cars/licensed_car66.jpeg,plate,0.184890656,0.300683371,,,0.719681909,0.646924829,,
TRAIN,C:/Users/antor/Desktop/Number Plate/dataset/cars/licensed_car67.jpeg,plate,0.080524345,0.59347181,,,0.213483146,0.786350148,,
TRAIN,C:/Users/antor/Desktop/Number Plate/dataset/cars/licensed_car68.jpeg,plate,0.123641304,0.612836439,,,0.286684783,0.712215321,,
TRAIN,C:/Users/antor/Desktop/Number Plate/dataset/cars/licensed_car69.jpeg,plate,0.311715481,0.516455696,,,0.679916318,0.660759494,,
TRAIN,C:/Users/antor/Desktop/Number Plate/dataset/cars/licensed_car70.jpeg,plate,0.365470852,0.758865248,,,0.683856502,0.925531915,,
TRAIN,C:/Users/antor/Desktop/Number Plate/dataset/cars/licensed_car71.jpeg,plate,0.282,0.710601719,,,0.686,0.893982808,,
TRAIN,C:/Users/antor/Desktop/Number Plate/dataset/cars/licensed_car72.jpeg,plate,0.276,0.30952381,,,0.762,0.738095238,,
TRAIN,C:/Users/antor/Desktop/Number Plate/dataset/cars/licensed_car73.jpeg,plate,0.247692308,0.420689655,,,0.453846154,0.528735632,,
TRAIN,C:/Users/antor/Desktop/Number Plate/dataset/cars/licensed_car74.jpeg,plate,0.318,0.438172043,,,0.686,0.607526882,,
TRAIN,C:/Users/antor/Desktop/Number Plate/dataset/cars/licensed_car75.jpeg,plate,0.688333333,0.427299703,,,0.866666667,0.551928783,,
TRAIN,C:/Users/antor/Desktop/Number Plate/dataset/cars/licensed_car76.jpeg,plate,0.29,0.529100529,,,0.65,0.661375661,,
TRAIN,C:/Users/antor/Desktop/Number Plate/dataset/cars/licensed_car77.jpeg,plate,0.488673139,0.355987055,,,0.891046386,0.783171521,,
TRAIN,C:/Users/antor/Desktop/Number Plate/dataset/cars/licensed_car78.jpeg,plate,0.340707965,0.50729927,,,0.659292035,0.708029197,,
TRAIN,C:/Users/antor/Desktop/Number Plate/dataset/cars/licensed_car79.jpeg,plate,0.545898438,0.595052083,,,0.828125,0.704427083,,
TRAIN,C:/Users/antor/Desktop/Number Plate/dataset/cars/licensed_car80.jpeg,plate,0.146067416,0.395415473,,,0.797752809,0.716332378,,
TRAIN,C:/Users/antor/Desktop/Number Plate/dataset/cars/licensed_car81.jpeg,plate,0.697916667,0.635416667,,,0.983333333,0.764583333,,
TRAIN,C:/Users/antor/Desktop/Number Plate/dataset/cars/licensed_car82.jpeg,plate,0.221176471,0.162068966,,,0.847058824,0.765517241,,
TRAIN,C:/Users/antor/Desktop/Number Plate/dataset/cars/licensed_car83.jpeg,plate,0.4,0.46975089,,,0.688,0.637010676,,
TRAIN,C:/Users/antor/Desktop/Number Plate/dataset/cars/licensed_car84.jpeg,plate,0.277628032,0.527777778,,,0.69541779,0.696969697,,
TRAIN,C:/Users/antor/Desktop/Number Plate/dataset/cars/licensed_car85.jpeg,plate,0.292,0.512035011,,,0.728,0.693654267,,
TRAIN,C:/Users/antor/Desktop/Number Plate/dataset/cars/licensed_car86.jpeg,plate,0.453514739,0.509641873,,,0.816326531,0.724517906,,
TRAIN,C:/Users/antor/Desktop/Number Plate/dataset/cars/licensed_car87.jpeg,plate,0.43602282,0.542787286,,,0.599837001,0.618581907,,
TRAIN,C:/Users/antor/Desktop/Number Plate/dataset/cars/licensed_car88.jpeg,plate,0.561532192,0.475550122,,,0.792176039,0.621026895,,
TRAIN,C:/Users/antor/Desktop/Number Plate/dataset/cars/licensed_car89.jpeg,plate,0.37000815,0.469565217,,,0.696821516,0.572826087,,
TRAIN,C:/Users/antor/Desktop/Number Plate/dataset/cars/licensed_car90.jpeg,plate,0.67965368,0.35862069,,,0.831168831,0.510344828,,
TRAIN,C:/Users/antor/Desktop/Number Plate/dataset/cars/licensed_car91.jpeg,plate,0.606,0.512455516,,,0.782,0.629893238,,
TRAIN,C:/Users/antor/Desktop/Number Plate/dataset/cars/licensed_car92.jpeg,plate,0.342403628,0.784922395,,,0.68707483,0.944567627,,
TRAIN,C:/Users/antor/Desktop/Number Plate/dataset/cars/licensed_car93.jpeg,plate,0.153846154,0.614754098,,,0.453580902,0.844262295,,
TRAIN,C:/Users/antor/Desktop/Number Plate/dataset/cars/licensed_car94.jpeg,plate,0.397297297,0.432653061,,,0.612162162,0.53877551,,
TRAIN,C:/Users/antor/Desktop/Number Plate/dataset/cars/licensed_car95.jpeg,plate,0.314911366,0.437956204,,,0.699687174,0.556830031,,
TRAIN,C:/Users/antor/Desktop/Number Plate/dataset/cars/licensed_car96.jpeg,plate,0.35,0.551428571,,,0.663333333,0.765714286,,
TRAIN,C:/Users/antor/Desktop/Number Plate/dataset/cars/licensed_car97.jpeg,plate,0.351428571,0.596938776,,,0.631428571,0.867346939,,
TRAIN,C:/Users/antor/Desktop/Number Plate/dataset/cars/licensed_car99.jpeg,plate,0.202,0.402061856,,,0.516,0.656357388,,
TRAIN,C:/Users/antor/Desktop/Number Plate/dataset/cars/licensed_car102.jpeg,plate,0.256,0.262411348,,,0.722,0.716312057,,
TRAIN,C:/Users/antor/Desktop/Number Plate/dataset/cars/licensed_car104.jpeg,plate,0.477272727,0.571428571,,,0.695454545,0.686335404,,
TRAIN,C:/Users/antor/Desktop/Number Plate/dataset/cars/licensed_car105.jpeg,plate,0.016,0.190391459,,,0.929333333,0.711743772,,
TRAIN,C:/Users/antor/Desktop/Number Plate/dataset/cars/licensed_car106.jpeg,plate,0.348484848,0.425,,,0.495454545,0.565909091,,
TRAIN,C:/Users/antor/Desktop/Number Plate/dataset/cars/licensed_car107.jpeg,plate,0.111428571,0.170506912,,,0.902857143,0.875576037,,
TRAIN,C:/Users/antor/Desktop/Number Plate/dataset/cars/licensed_car108.jpeg,plate,0.062700965,0.102902375,,,0.911575563,0.897097625,,
TRAIN,C:/Users/antor/Desktop/Number Plate/dataset/cars/licensed_car109.jpeg,plate,0.084337349,0.261980831,,,0.827309237,0.594249201,,
TRAIN,C:/Users/antor/Desktop/Number Plate/dataset/cars/licensed_car110.jpeg,plate,0.046666667,0.283333333,,,0.915555556,0.665,,
TRAIN,C:/Users/antor/Desktop/Number Plate/dataset/cars/licensed_car111.jpeg,plate,0.06625,0.296666667,,,0.92875,0.541666667,,
TRAIN,C:/Users/antor/Desktop/Number Plate/dataset/cars/licensed_car112.jpeg,plate,0.044,0.133333333,,,0.998,0.965333333,,
TRAIN,C:/Users/antor/Desktop/Number Plate/dataset/cars/licensed_car113.jpeg,plate,0.028070175,0.3025,,,0.842105263,0.71,,
TRAIN,C:/Users/antor/Desktop/Number Plate/dataset/cars/licensed_car114.jpeg,plate,0.333931777,0.673076923,,,0.685816876,0.803846154,,
TRAIN,C:/Users/antor/Desktop/Number Plate/dataset/cars/licensed_car115.jpeg,plate,0.08,0.164444444,,,0.998333333,0.417777778,,
TRAIN,C:/Users/antor/Desktop/Number Plate/dataset/cars/licensed_car116.jpeg,plate,0.191666667,0.28,,,0.87,0.724444444,,
TRAIN,C:/Users/antor/Desktop/Number Plate/dataset/cars/licensed_car117.jpeg,plate,0.268333333,0.257777778,,,0.721666667,0.553333333,,
TRAIN,C:/Users/antor/Desktop/Number Plate/dataset/cars/licensed_car118.jpeg,plate,0.25625,0.366666667,,,0.679166667,0.672222222,,
TRAIN,C:/Users/antor/Desktop/Number Plate/dataset/cars/licensed_car119.jpeg,plate,0.027083333,0.177777778,,,0.98125,0.447222222,,
TRAIN,C:/Users/antor/Desktop/Number Plate/dataset/cars/licensed_car120.jpeg,plate,0.274193548,0.536585366,,,0.760080645,0.766550523,,
TRAIN,C:/Users/antor/Desktop/Number Plate/dataset/cars/licensed_car122.jpeg,plate,0.024,0.198795181,,,0.88,0.746987952,,
TRAIN,C:/Users/antor/Desktop/Number Plate/dataset/cars/licensed_car123.jpeg,plate,0.381428571,0.613333333,,,0.712857143,0.782857143,,
TRAIN,C:/Users/antor/Desktop/Number Plate/dataset/cars/licensed_car124.jpeg,plate,0.3375,0.393333333,,,0.8,0.656666667,,
TRAIN,C:/Users/antor/Desktop/Number Plate/dataset/cars/licensed_car125.jpeg,plate,0.334,0.3003003,,,0.7,0.492492492,,
TRAIN,C:/Users/antor/Desktop/Number Plate/dataset/cars/licensed_car126.jpeg,plate,0.6921875,0.459459459,,,0.9984375,0.625225225,,
TRAIN,C:/Users/antor/Desktop/Number Plate/dataset/cars/licensed_car127.jpeg,plate,0.314754098,0.162721893,,,0.996721311,0.618343195,,
TRAIN,C:/Users/antor/Desktop/Number Plate/dataset/cars/licensed_car128.jpeg,plate,0.312,0.320261438,,,0.598,0.503267974,,
TRAIN,C:/Users/antor/Desktop/Number Plate/dataset/cars/licensed_car129.jpeg,plate,0.276,0.391428571,,,0.756,0.594285714,,
TRAIN,C:/Users/antor/Desktop/Number Plate/dataset/cars/licensed_car130.jpeg,plate,0.028,0.09352518,,,0.998,0.834532374,,
TRAIN,C:/Users/antor/Desktop/Number Plate/dataset/cars/licensed_car131.jpeg,plate,0.343939394,0.414351852,,,0.578787879,0.527777778,,
TRAIN,C:/Users/antor/Desktop/Number Plate/dataset/cars/licensed_car132.jpeg,plate,0.301391036,0.487623762,,,0.471406491,0.636138614,,
TRAIN,C:/Users/antor/Desktop/Number Plate/dataset/cars/licensed_car133.jpeg,plate,0.408,0.648192771,,,0.714,0.913253012,,
TRAIN,C:/Users/antor/Desktop/Number Plate/dataset/cars/licensed_car134.jpeg,plate,0.177740864,0.451327434,,,0.42358804,0.607669617,,
TRAIN,C:/Users/antor/Desktop/Number Plate/dataset/cars/licensed_car135.jpeg,plate,0.212624585,0.762162162,,,0.509966777,0.867567568,,
TRAIN,C:/Users/antor/Desktop/Number Plate/dataset/cars/licensed_car136.jpeg,plate,0.31,0.605421687,,,0.656,0.825301205,,
TRAIN,C:/Users/antor/Desktop/Number Plate/dataset/cars/licensed_car137.jpeg,plate,0.30703259,0.582222222,,,0.677530017,0.748888889,,
TRAIN,C:/Users/antor/Desktop/Number Plate/dataset/cars/licensed_car138.jpeg,plate,0.282222222,0.695443645,,,0.686666667,0.877697842,,
TRAIN,C:/Users/antor/Desktop/Number Plate/dataset/cars/licensed_car139.jpeg,plate,0.047524752,0.603498542,,,0.293069307,0.737609329,,
TRAIN,C:/Users/antor/Desktop/Number Plate/dataset/cars/licensed_car140.jpeg,plate,0.560411311,0.576779026,,,0.809768638,0.696629213,,
TRAIN,C:/Users/antor/Desktop/Number Plate/dataset/cars/licensed_car141.jpeg,plate,0.292,0.489051095,,,0.79,0.715328467,,
TRAIN,C:/Users/antor/Desktop/Number Plate/dataset/cars/licensed_car142.jpeg,plate,0.7975,0.694845361,,,0.93625,0.797938144,,
TRAIN,C:/Users/antor/Desktop/Number Plate/dataset/cars/licensed_car143.jpeg,plate,0.367768595,0.449561404,,,0.723140496,0.600877193,,
TRAIN,C:/Users/antor/Desktop/Number Plate/dataset/cars/licensed_car144.jpeg,plate,0.22,0.492021277,,,0.876,0.739361702,,
TRAIN,C:/Users/antor/Desktop/Number Plate/dataset/cars/licensed_car145.jpeg,plate,0.329166667,0.384722222,,,0.74375,0.536111111,,
TRAIN,C:/Users/antor/Desktop/Number Plate/dataset/cars/licensed_car146.jpeg,plate,0.315,0.385756677,,,0.595,0.540059347,,
TRAIN,C:/Users/antor/Desktop/Number Plate/dataset/cars/licensed_car147.jpeg,plate,0.27,0.673590504,,,0.52,0.81305638,,
TRAIN,C:/Users/antor/Desktop/Number Plate/dataset/cars/licensed_car148.jpeg,plate,0.191666667,0.765578635,,,0.691666667,0.988130564,,
TRAIN,C:/Users/antor/Desktop/Number Plate/dataset/cars/licensed_car149.jpeg,plate,0.353754941,0.651105651,,,0.679841897,0.788697789,,
TRAIN,C:/Users/antor/Desktop/Number Plate/dataset/cars/licensed_car150.jpeg,plate,0.278,0.560465116,,,0.684,0.730232558,,
TRAIN,C:/Users/antor/Desktop/Number Plate/dataset/cars/licensed_car151.jpeg,plate,0.271428571,0.487309645,,,0.571428571,0.715736041,,
TRAIN,C:/Users/antor/Desktop/Number Plate/dataset/cars/licensed_car152.jpeg,plate,0.342857143,0.565310493,,,0.657142857,0.640256959,,
TRAIN,C:/Users/antor/Desktop/Number Plate/dataset/cars/licensed_car153.jpeg,plate,0.26,0.524714829,,,0.508571429,0.646387833,,
TRAIN,C:/Users/antor/Desktop/Number Plate/dataset/cars/licensed_car154.jpeg,plate,0.301184433,0.455114823,,,0.675126904,0.620041754,,
TRAIN,C:/Users/antor/Desktop/Number Plate/dataset/cars/licensed_car155.jpeg,plate,0.328125,0.388888889,,,0.914583333,0.545833333,,
TRAIN,C:/Users/antor/Desktop/Number Plate/dataset/cars/licensed_car156.jpeg,plate,0.505714286,0.45823389,,,0.837142857,0.687350835,,
TRAIN,C:/Users/antor/Desktop/Number Plate/dataset/cars/licensed_car157.jpeg,plate,0.162790698,0.400630915,,,0.751937984,0.706624606,,
TRAIN,C:/Users/antor/Desktop/Number Plate/dataset/cars/licensed_car158.jpeg,plate,0.166,0.063314711,,,0.738,0.899441341,,
TRAIN,C:/Users/antor/Desktop/Number Plate/dataset/cars/licensed_car159.jpeg,plate,0.285248574,0.34057971,,,0.606356968,0.665217391,,
TRAIN,C:/Users/antor/Desktop/Number Plate/dataset/cars/licensed_car160.jpeg,plate,0.529747351,0.569565217,,,0.662591687,0.627536232,,
TRAIN,C:/Users/antor/Desktop/Number Plate/dataset/cars/licensed_car161.jpeg,plate,0.454385965,0.481981982,,,0.571929825,0.592342342,,
TRAIN,C:/Users/antor/Desktop/Number Plate/dataset/cars/licensed_car162.jpeg,plate,0.26875,0.1,,,0.746875,0.322222222,,
TRAIN,C:/Users/antor/Desktop/Number Plate/dataset/cars/licensed_car163.jpeg,plate,0.568333333,0.575376884,,,0.85,0.788944724,,
TRAIN,C:/Users/antor/Desktop/Number Plate/dataset/cars/licensed_car164.jpeg,plate,0.358461538,0.752535497,,,0.656923077,0.872210953,,
TRAIN,C:/Users/antor/Desktop/Number Plate/dataset/cars/licensed_car165.jpeg,plate,0.176923077,0.4325,,,0.489230769,0.6,,
TRAIN,C:/Users/antor/Desktop/Number Plate/dataset/cars/licensed_car166.jpeg,plate,0.05625,0.188888889,,,1,0.877777778,,
TRAIN,C:/Users/antor/Desktop/Number Plate/dataset/cars/licensed_car167.jpeg,plate,0.443076923,0.526223776,,,0.898461538,0.699300699,,
TRAIN,C:/Users/antor/Desktop/Number Plate/dataset/cars/licensed_car168.jpeg,plate,0.341121495,0.419642857,,,0.676012461,0.586309524,,
TRAIN,C:/Users/antor/Desktop/Number Plate/dataset/cars/licensed_car169.jpeg,plate,0.048,0.264,,,0.996,0.796,,
TRAIN,C:/Users/antor/Desktop/Number Plate/dataset/cars/licensed_car170.jpeg,plate,0.27791361,0.294565217,,,0.872860636,0.719565217,,
TRAIN,C:/Users/antor/Desktop/Number Plate/dataset/cars/licensed_car171.jpeg,plate,0.304808476,0.729357798,,,0.615321923,0.847477064,,
TRAIN,C:/Users/antor/Desktop/Number Plate/dataset/cars/licensed_car172.jpeg,plate,0.032,0.051612903,,,0.99,0.864516129,,
TRAIN,C:/Users/antor/Desktop/Number Plate/dataset/cars/licensed_car173.jpeg,plate,0.442,0.455223881,,,0.862,0.686567164,,
TRAIN,C:/Users/antor/Desktop/Number Plate/dataset/cars/licensed_car174.jpeg,plate,0.418,0.354700855,,,0.896,0.683760684,,
TRAIN,C:/Users/antor/Desktop/Number Plate/dataset/cars/licensed_car175.jpeg,plate,0.264413519,0.44040404,,,0.970178926,0.856565657,,
TRAIN,C:/Users/antor/Desktop/Number Plate/dataset/cars/licensed_car176.jpeg,plate,0.325,0.603333333,,,0.6575,0.75,,
TRAIN,C:/Users/antor/Desktop/Number Plate/dataset/cars/licensed_car177.jpeg,plate,0.09,0.41,,,0.275,0.55,,
TRAIN,C:/Users/antor/Desktop/Number Plate/dataset/cars/licensed_car178.jpeg,plate,0.331034483,0.644607843,,,0.44,0.789215686,,
TRAIN,C:/Users/antor/Desktop/Number Plate/dataset/cars/licensed_car179.jpeg,plate,0.379882813,0.656934307,,,0.5859375,0.743065693,,
TRAIN,C:/Users/antor/Desktop/Number Plate/dataset/cars/licensed_car180.jpeg,plate,0.314655172,0.337628866,,,0.701149425,0.50257732,,
TRAIN,C:/Users/antor/Desktop/Number Plate/dataset/cars/licensed_car181.jpeg,plate,0.35625,0.472795497,,,0.62125,0.600375235,,
TRAIN,C:/Users/antor/Desktop/Number Plate/dataset/cars/licensed_car182.jpeg,plate,0.312286689,0.616314199,,,0.435153584,0.703927492,,
TRAIN,C:/Users/antor/Desktop/Number Plate/dataset/cars/licensed_car183.jpeg,plate,0.338,0.755813953,,,0.716,0.86627907,,
TRAIN,C:/Users/antor/Desktop/Number Plate/dataset/cars/licensed_car184.jpeg,plate,0.2,0.546125461,,,0.518,0.767527675,,
TRAIN,C:/Users/antor/Desktop/Number Plate/dataset/cars/licensed_car185.jpeg,plate,0.38077634,0.643026005,,,0.648798521,0.765957447,,
TRAIN,C:/Users/antor/Desktop/Number Plate/dataset/cars/licensed_car186.jpeg,plate,0.328333333,0.551928783,,,0.675,0.694362018,,
TRAIN,C:/Users/antor/Desktop/Number Plate/dataset/cars/licensed_car187.jpeg,plate,0.388333333,0.445,,,0.591666667,0.56,,
TRAIN,C:/Users/antor/Desktop/Number Plate/dataset/cars/licensed_car188.jpeg,plate,0.621841891,0.533029613,,,0.827220864,0.667425968,,
TRAIN,C:/Users/antor/Desktop/Number Plate/dataset/cars/licensed_car189.jpeg,plate,0.244837758,0.421052632,,,0.843657817,0.745263158,,
TRAIN,C:/Users/antor/Desktop/Number Plate/dataset/cars/licensed_car190.jpeg,plate,0.328571429,0.326996198,,,0.648571429,0.44486692,,
TRAIN,C:/Users/antor/Desktop/Number Plate/dataset/cars/licensed_car191.jpeg,plate,0.346875,0.7296875,,,0.672916667,0.8296875,,
TRAIN,C:/Users/antor/Desktop/Number Plate/dataset/cars/licensed_car192.jpeg,plate,0.427872861,0.542028986,,,0.622656887,0.673913043,,
TRAIN,C:/Users/antor/Desktop/Number Plate/dataset/cars/licensed_car193.jpeg,plate,0.012,0.088,,,1,0.756,,
TRAIN,C:/Users/antor/Desktop/Number Plate/dataset/cars/licensed_car194.jpeg,plate,0.293333333,0.44,,,0.453333333,0.568888889,,
TRAIN,C:/Users/antor/Desktop/Number Plate/dataset/cars/licensed_car195.jpeg,plate,0.221606648,0.409090909,,,0.551246537,0.597402597,,
TRAIN,C:/Users/antor/Desktop/Number Plate/dataset/cars/licensed_car196.jpeg,plate,0.29566855,0.5234375,,,0.63653484,0.66015625,,
TRAIN,C:/Users/antor/Desktop/Number Plate/dataset/cars/licensed_car197.jpeg,plate,0.373333333,0.306930693,,,0.776666667,0.48019802,,
TRAIN,C:/Users/antor/Desktop/Number Plate/dataset/cars/licensed_car198.jpeg,plate,0.325,0.590504451,,,0.466666667,0.694362018,,
TRAIN,C:/Users/antor/Desktop/Number Plate/dataset/cars/licensed_car199.jpeg,plate,0.795454545,0.624242424,,,0.951704545,0.757575758,,
TRAIN,C:/Users/antor/Desktop/Number Plate/dataset/cars/licensed_car200.jpeg,plate,0.03058104,0.642105263,,,0.152905199,0.839473684,,
TRAIN,C:/Users/antor/Desktop/Number Plate/dataset/cars/licensed_car201.jpeg,plate,0.398412698,0.529745042,,,0.595238095,0.662889518,,
TRAIN,C:/Users/antor/Desktop/Number Plate/dataset/cars/licensed_car202.jpeg,plate,0.198,0.615615616,,,0.818,0.933933934,,
TRAIN,C:/Users/antor/Desktop/Number Plate/dataset/cars/licensed_car203.jpeg,plate,0.406666667,0.534883721,,,0.628333333,0.706976744,,
TRAIN,C:/Users/antor/Desktop/Number Plate/dataset/cars/licensed_car204.jpeg,plate,0.36199095,0.633633634,,,0.64479638,0.78978979,,
TRAIN,C:/Users/antor/Desktop/Number Plate/dataset/cars/licensed_car205.jpeg,plate,0.166112957,0.460176991,,,0.445182724,0.640117994,,
TRAIN,C:/Users/antor/Desktop/Number Plate/dataset/cars/licensed_car206.jpeg,plate,0.726,0.574394464,,,0.87,0.698961938,,
TRAIN,C:/Users/antor/Desktop/Number Plate/dataset/cars/licensed_car207.jpeg,plate,0.276553106,0.229965157,,,0.903807615,0.540069686,,
TRAIN,C:/Users/antor/Desktop/Number Plate/dataset/cars/licensed_car208.jpeg,plate,0.308,0.547486034,,,0.754,0.723463687,,
TRAIN,C:/Users/antor/Desktop/Number Plate/dataset/cars/licensed_car209.jpeg,plate,0.112,0.622535211,,,0.53,0.814084507,,
TRAIN,C:/Users/antor/Desktop/Number Plate/dataset/cars/licensed_car210.jpeg,plate,0.276371308,0.293785311,,,0.85443038,0.638418079,,
TRAIN,C:/Users/antor/Desktop/Number Plate/dataset/cars/licensed_car211.jpeg,plate,0.314,0.356,,,0.764,0.64,,
TRAIN,C:/Users/antor/Desktop/Number Plate/dataset/cars/licensed_car212.jpeg,plate,0.288,0.340361446,,,0.696,0.59939759,,
TRAIN,C:/Users/antor/Desktop/Number Plate/dataset/cars/licensed_car213.jpeg,plate,0.243614931,0.379310345,,,0.785854617,0.713793103,,
TRAIN,C:/Users/antor/Desktop/Number Plate/dataset/cars/licensed_car214.jpeg,plate,0.286,0.689265537,,,0.678,0.906779661,,
TRAIN,C:/Users/antor/Desktop/Number Plate/dataset/cars/licensed_car215.jpeg,plate,0.368,0.680803571,,,0.778,0.825892857,,
TRAIN,C:/Users/antor/Desktop/Number Plate/dataset/cars/licensed_car216.jpeg,plate,0.474,0.303571429,,,0.774,0.482142857,,
TRAIN,C:/Users/antor/Desktop/Number Plate/dataset/cars/licensed_car217.jpeg,plate,0.246666667,0.403448276,,,0.868888889,0.727586207,,
TRAIN,C:/Users/antor/Desktop/Number Plate/dataset/cars/licensed_car218.jpeg,plate,0.36,0.419708029,,,0.76,0.686131387,,
TRAIN,C:/Users/antor/Desktop/Number Plate/dataset/cars/licensed_car219.jpeg,plate,0.352644836,0.627530364,,,0.826196474,0.858299595,,
TRAIN,C:/Users/antor/Desktop/Number Plate/dataset/cars/licensed_car220.jpeg,plate,0.131578947,0.578787879,,,0.464114833,0.721212121,,
TRAIN,C:/Users/antor/Desktop/Number Plate/dataset/cars/licensed_car221.jpeg,plate,0.216783217,0.737777778,,,0.694638695,0.902222222,,
TRAIN,C:/Users/antor/Desktop/Number Plate/dataset/cars/licensed_car222.jpeg,plate,0.282,0.663663664,,,0.702,0.81981982,,
TRAIN,C:/Users/antor/Desktop/Number Plate/dataset/cars/licensed_car223.jpeg,plate,0.272,0.585074627,,,0.696,0.829850746,,
TRAIN,C:/Users/antor/Desktop/Number Plate/dataset/cars/licensed_car224.jpeg,plate,0.104803493,0.257142857,,,0.816593886,0.742857143,,
TRAIN,C:/Users/antor/Desktop/Number Plate/dataset/cars/licensed_car225.jpeg,plate,0.286,0.524173028,,,0.804,0.694656489,,
TRAIN,C:/Users/antor/Desktop/Number Plate/dataset/cars/licensed_car226.jpeg,plate,0.372,0.336769759,,,0.726,0.532646048,,
TRAIN,C:/Users/antor/Desktop/Number Plate/dataset/cars/licensed_car227.jpeg,plate,0.25,0.638392857,,,0.545,0.866071429,,
TRAIN,C:/Users/antor/Desktop/Number Plate/dataset/cars/licensed_car228.jpeg,plate,0.34384858,0.493023256,,,0.741324921,0.753488372,,
TRAIN,C:/Users/antor/Desktop/Number Plate/dataset/cars/licensed_car229.jpeg,plate,0.309090909,0.501872659,,,0.793939394,0.74906367,,
TRAIN,C:/Users/antor/Desktop/Number Plate/dataset/cars/licensed_car230.jpeg,plate,0.330188679,0.598393574,,,0.764150943,0.883534137,,
TRAIN,C:/Users/antor/Desktop/Number Plate/dataset/cars/licensed_car231.jpeg,plate,0.052208835,0.489539749,,,0.590361446,0.778242678,,
TRAIN,C:/Users/antor/Desktop/Number Plate/dataset/cars/licensed_car232.jpeg,plate,0.344,0.609289617,,,0.706,0.778688525,,
TRAIN,C:/Users/antor/Desktop/Number Plate/dataset/cars/licensed_car233.jpeg,plate,0.368,0.453453453,,,0.616,0.618618619,,
TRAIN,C:/Users/antor/Desktop/Number Plate/dataset/cars/licensed_car234.jpeg,plate,0.334,0.608433735,,,0.628,0.768072289,,
TRAIN,C:/Users/antor/Desktop/Number Plate/dataset/cars/licensed_car235.jpeg,plate,0.295221843,0.601208459,,,0.441979522,0.719033233,,
TRAIN,C:/Users/antor/Desktop/Number Plate/dataset/cars/licensed_car236.jpeg,plate,0.040506329,0.129251701,,,0.929113924,0.857142857,,
TRAIN,C:/Users/antor/Desktop/Number Plate/dataset/cars/eu1.jpeg,plate,0.396,0.453333333,,,0.599,0.514666667,,
TRAIN,C:/Users/antor/Desktop/Number Plate/dataset/cars/eu10.jpeg,plate,0.2975,0.489859594,,,0.395,0.517940718,,
TRAIN,C:/Users/antor/Desktop/Number Plate/dataset/cars/eu11.jpeg,plate,0.153333333,0.519379845,,,0.356666667,0.591731266,,
TRAIN,C:/Users/antor/Desktop/Number Plate/dataset/cars/eu2.jpeg,plate,0.313333333,0.804347826,,,0.622222222,0.903726708,,
TRAIN,C:/Users/antor/Desktop/Number Plate/dataset/cars/eu3.jpeg,plate,0.725,0.513888889,,,0.914583333,0.572222222,,
TRAIN,C:/Users/antor/Desktop/Number Plate/dataset/cars/eu4.jpeg,plate,0.146272855,0.466666667,,,0.856540084,0.724444444,,
TRAIN,C:/Users/antor/Desktop/Number Plate/dataset/cars/eu5.jpeg,plate,0.190833333,0.617992177,,,0.343333333,0.672750978,,
TRAIN,C:/Users/antor/Desktop/Number Plate/dataset/cars/eu6.jpeg,plate,0.655555556,0.653846154,,,0.868888889,0.718934911,,
TRAIN,C:/Users/antor/Desktop/Number Plate/dataset/cars/eu7.jpeg,plate,0.4140625,0.62109375,,,0.581542969,0.672526042,,
TRAIN,C:/Users/antor/Desktop/Number Plate/dataset/cars/eu8.jpeg,plate,0.309872923,0.706806283,,,0.606060606,0.797120419,,
TRAIN,C:/Users/antor/Desktop/Number Plate/dataset/cars/eu9.jpeg,plate,0.651666667,0.475294118,,,0.87,0.545882353,,
TRAIN,C:/Users/antor/Desktop/Number Plate/dataset/cars/test_001.jpeg,plate,0.417777778,0.535897436,,,0.655555556,0.597435897,,
TRAIN,C:/Users/antor/Desktop/Number Plate/dataset/cars/test_002.jpeg,plate,0.369791667,0.462962963,,,0.585069444,0.527777778,,
TRAIN,C:/Users/antor/Desktop/Number Plate/dataset/cars/test_003.jpeg,plate,0.341509434,0.400503778,,,0.662264151,0.498740554,,
TRAIN,C:/Users/antor/Desktop/Number Plate/dataset/cars/test_004.jpeg,plate,0.40625,0.418981481,,,0.638888889,0.488425926,,
TRAIN,C:/Users/antor/Desktop/Number Plate/dataset/cars/test_005.jpeg,plate,0.390625,0.578703704,,,0.616319444,0.648148148,,
TRAIN,C:/Users/antor/Desktop/Number Plate/dataset/cars/test_006.jpeg,plate,0.357638889,0.627314815,,,0.616319444,0.706018519,,
TRAIN,C:/Users/antor/Desktop/Number Plate/dataset/cars/test_007.jpeg,plate,0.301886792,0.450881612,,,0.581132075,0.536523929,,
TRAIN,C:/Users/antor/Desktop/Number Plate/dataset/cars/test_008.jpeg,plate,0.286458333,0.652777778,,,0.501736111,0.717592593,,
TRAIN,C:/Users/antor/Desktop/Number Plate/dataset/cars/test_009.jpeg,plate,0.369791667,0.49537037,,,0.545138889,0.548611111,,
TRAIN,C:/Users/antor/Desktop/Number Plate/dataset/cars/test_010.jpeg,plate,0.326589595,0.691119691,,,0.722543353,0.810810811,,
TRAIN,C:/Users/antor/Desktop/Number Plate/dataset/cars/test_011.jpeg,plate,0.399305556,0.476851852,,,0.600694444,0.537037037,,
TRAIN,C:/Users/antor/Desktop/Number Plate/dataset/cars/test_012.jpeg,plate,0.432291667,0.597222222,,,0.649305556,0.662037037,,
TRAIN,C:/Users/antor/Desktop/Number Plate/dataset/cars/test_013.jpeg,plate,0.364902507,0.517605634,,,0.685236769,0.60915493,,
TRAIN,C:/Users/antor/Desktop/Number Plate/dataset/cars/test_014.jpeg,plate,0.483370288,0.494699647,,,0.725055432,0.583038869,,
TRAIN,C:/Users/antor/Desktop/Number Plate/dataset/cars/test_015.jpeg,plate,0.401785714,0.626139818,,,0.619642857,0.711246201,,
TRAIN,C:/Users/antor/Desktop/Number Plate/dataset/cars/test_016.jpeg,plate,0.26993865,0.483146067,,,0.519427403,0.561797753,,
TRAIN,C:/Users/antor/Desktop/Number Plate/dataset/cars/test_017.jpeg,plate,0.328502415,0.682080925,,,0.603864734,0.757225434,,
TRAIN,C:/Users/antor/Desktop/Number Plate/dataset/cars/test_018.jpeg,plate,0.392638037,0.65060241,,,0.653374233,0.726907631,,
TRAIN,C:/Users/antor/Desktop/Number Plate/dataset/cars/test_019.jpeg,plate,0.382826476,0.523364486,,,0.610017889,0.591121495,,
TRAIN,C:/Users/antor/Desktop/Number Plate/dataset/cars/test_020.jpeg,plate,0.363449692,0.535452323,,,0.624229979,0.606356968,,
TRAIN,C:/Users/antor/Desktop/Number Plate/dataset/cars/test_021.jpeg,plate,0.337748344,0.548009368,,,0.629139073,0.618266979,,
TRAIN,C:/Users/antor/Desktop/Number Plate/dataset/cars/test_022.jpeg,plate,0.371257485,0.634382567,,,0.614770459,0.702179177,,
TRAIN,C:/Users/antor/Desktop/Number Plate/dataset/cars/test_023.jpeg,plate,0.401408451,0.735368957,,,0.661971831,0.798982188,,
TRAIN,C:/Users/antor/Desktop/Number Plate/dataset/cars/test_024.jpeg,plate,0.338461538,0.679190751,,,0.620512821,0.751445087,,
TRAIN,C:/Users/antor/Desktop/Number Plate/dataset/cars/test_025.jpeg,plate,0.346067416,0.521303258,,,0.640449438,0.596491228,,
TRAIN,C:/Users/antor/Desktop/Number Plate/dataset/cars/test_026.jpeg,plate,0.122164049,0.619512195,,,0.319371728,0.682926829,,
TRAIN,C:/Users/antor/Desktop/Number Plate/dataset/cars/test_027.jpeg,plate,0.539930556,0.476851852,,,0.814236111,0.560185185,,
TRAIN,C:/Users/antor/Desktop/Number Plate/dataset/cars/test_028.jpeg,plate,0.35791757,0.456647399,,,0.635574837,0.540462428,,
TRAIN,C:/Users/antor/Desktop/Number Plate/dataset/cars/test_029.jpeg,plate,0.499085923,0.441463415,,,0.696526508,0.5,,
TRAIN,C:/Users/antor/Desktop/Number Plate/dataset/cars/test_030.jpeg,plate,0.386117137,0.523121387,,,0.68329718,0.612716763,,
TRAIN,C:/Users/antor/Desktop/Number Plate/dataset/cars/test_031.jpeg,plate,0.43020595,0.476190476,,,0.675057208,0.543417367,,
TRAIN,C:/Users/antor/Desktop/Number Plate/dataset/cars/test_032.jpeg,plate,0.362264151,0.423173804,,,0.594339623,0.493702771,,
TRAIN,C:/Users/antor/Desktop/Number Plate/dataset/cars/test_033.jpeg,plate,0.347071584,0.393063584,,,0.62472885,0.476878613,,
TRAIN,C:/Users/antor/Desktop/Number Plate/dataset/cars/test_034.jpeg,plate,0.446180556,0.539351852,,,0.598958333,0.585648148,,
TRAIN,C:/Users/antor/Desktop/Number Plate/dataset/cars/test_035.jpeg,plate,0.387152778,0.425925926,,,0.552083333,0.474537037,,
TRAIN,C:/Users/antor/Desktop/Number Plate/dataset/cars/test_036.jpeg,plate,0.322916667,0.474537037,,,0.451388889,0.513888889,,
TRAIN,C:/Users/antor/Desktop/Number Plate/dataset/cars/test_037.jpeg,plate,0.452966715,0.434362934,,,0.591895803,0.476833977,,
TRAIN,C:/Users/antor/Desktop/Number Plate/dataset/cars/test_038.jpeg,plate,0.379032258,0.480549199,,,0.64516129,0.549199085,,
TRAIN,C:/Users/antor/Desktop/Number Plate/dataset/cars/test_039.jpeg,plate,0.450943396,0.397984887,,,0.583018868,0.438287154,,
TRAIN,C:/Users/antor/Desktop/Number Plate/dataset/cars/test_040.jpeg,plate,0.501644737,0.585526316,,,0.684210526,0.640350877,,
TRAIN,C:/Users/antor/Desktop/Number Plate/dataset/cars/test_041.jpeg,plate,0.321507761,0.637362637,,,0.563192905,0.706043956,,
TRAIN,C:/Users/antor/Desktop/Number Plate/dataset/cars/test_042.jpeg,plate,0.356814701,0.580357143,,,0.514548239,0.683035714,,
TRAIN,C:/Users/antor/Desktop/Number Plate/dataset/cars/test_043.jpeg,plate,0.283813747,0.474164134,,,0.476718404,0.534954407,,
TRAIN,C:/Users/antor/Desktop/Number Plate/dataset/cars/test_044.jpeg,plate,0.582926829,0.463888889,,,0.802439024,0.519444444,,
TRAIN,C:/Users/antor/Desktop/Number Plate/dataset/cars/test_045.jpeg,plate,0.550724638,0.611825193,,,0.761904762,0.670951157,,
TRAIN,C:/Users/antor/Desktop/Number Plate/dataset/cars/test_046.jpeg,plate,0.459869848,0.416184971,,,0.767895879,0.50867052,,
TRAIN,C:/Users/antor/Desktop/Number Plate/dataset/cars/test_047.jpeg,plate,0.464891041,0.708215297,,,0.733656174,0.779036827,,
TRAIN,C:/Users/antor/Desktop/Number Plate/dataset/cars/test_048.jpeg,plate,0.271551724,0.525469169,,,0.532327586,0.597855228,,
TRAIN,C:/Users/antor/Desktop/Number Plate/dataset/cars/test_049.jpeg,plate,0.511930586,0.511560694,,,0.757049892,0.586705202,,
TRAIN,C:/Users/antor/Desktop/Number Plate/dataset/cars/test_050.jpeg,plate,0.400843882,0.458432304,,,0.672995781,0.527315914,,
TRAIN,C:/Users/antor/Desktop/Number Plate/dataset/cars/test_051.jpeg,plate,0.211618257,0.670553936,,,0.414937759,0.734693878,,
TRAIN,C:/Users/antor/Desktop/Number Plate/dataset/cars/test_052.jpeg,plate,0.243781095,0.429530201,,,0.42039801,0.483221477,,
TRAIN,C:/Users/antor/Desktop/Number Plate/dataset/cars/test_053.jpeg,plate,0.563981043,0.663043478,,,0.781990521,0.739130435,,
TRAIN,C:/Users/antor/Desktop/Number Plate/dataset/cars/test_054.jpeg,plate,0.217032967,0.696153846,,,0.434065934,0.765384615,,
TRAIN,C:/Users/antor/Desktop/Number Plate/dataset/cars/test_055.jpeg,plate,0.3203125,0.531468531,,,0.5546875,0.601398601,,
TRAIN,C:/Users/antor/Desktop/Number Plate/dataset/cars/test_056.jpeg,plate,0.462184874,0.54248366,,,0.666666667,0.594771242,,
TRAIN,C:/Users/antor/Desktop/Number Plate/dataset/cars/test_057.jpeg,plate,0.316129032,0.637931034,,,0.535483871,0.704022989,,
TRAIN,C:/Users/antor/Desktop/Number Plate/dataset/cars/test_058.jpeg,plate,0.45,0.477142857,,,0.658333333,0.542857143,,
TRAIN,C:/Users/antor/Desktop/Number Plate/dataset/cars/test_059.jpeg,plate,0.399014778,0.509868421,,,0.645320197,0.585526316,,
TRAIN,C:/Users/antor/Desktop/Number Plate/dataset/cars/test_060.jpeg,plate,0.717514124,0.332317073,,,0.966101695,0.393292683,,
TRAIN,C:/Users/antor/Desktop/Number Plate/dataset/cars/test_061.jpeg,plate,0.436893204,0.337078652,,,0.674757282,0.419475655,,
TRAIN,C:/Users/antor/Desktop/Number Plate/dataset/cars/test_062.jpeg,plate,0.553140097,0.641304348,,,0.753623188,0.710144928,,
TRAIN,C:/Users/antor/Desktop/Number Plate/dataset/cars/test_063.jpeg,plate,0.21719457,0.489489489,,,0.454751131,0.561561562,,
TRAIN,C:/Users/antor/Desktop/Number Plate/dataset/cars/test_064.jpeg,plate,0.342733189,0.413294798,,,0.581344902,0.485549133,,
TRAIN,C:/Users/antor/Desktop/Number Plate/dataset/cars/test_065.jpeg,plate,0.26681128,0.401734104,,,0.501084599,0.471098266,,
TRAIN,C:/Users/antor/Desktop/Number Plate/dataset/cars/test_066.jpeg,plate,0.355263158,0.514106583,,,0.652631579,0.595611285,,
TRAIN,C:/Users/antor/Desktop/Number Plate/dataset/cars/test_067.jpeg,plate,0.377777778,0.739273927,,,0.661728395,0.825082508,,
TRAIN,C:/Users/antor/Desktop/Number Plate/dataset/cars/test_068.jpeg,plate,0.376470588,0.536363636,,,0.647058824,0.615151515,,
TRAIN,C:/Users/antor/Desktop/Number Plate/dataset/cars/test_069.jpeg,plate,0.356741573,0.520979021,,,0.657303371,0.604895105,,
TRAIN,C:/Users/antor/Desktop/Number Plate/dataset/cars/test_070.jpeg,plate,0.32010582,0.456445993,,,0.595238095,0.540069686,,
TRAIN,C:/Users/antor/Desktop/Number Plate/dataset/cars/test_071.jpeg,plate,0.314763231,0.419014085,,,0.584958217,0.496478873,,
TRAIN,C:/Users/antor/Desktop/Number Plate/dataset/cars/test_072.jpeg,plate,0.265463918,0.494661922,,,0.510309278,0.569395018,,
TRAIN,C:/Users/antor/Desktop/Number Plate/dataset/cars/test_073.jpeg,plate,0.253863135,0.493975904,,,0.514348786,0.575301205,,
TRAIN,C:/Users/antor/Desktop/Number Plate/dataset/cars/test_074.jpeg,plate,0.293577982,0.708053691,,,0.48440367,0.788590604,,
TRAIN,C:/Users/antor/Desktop/Number Plate/dataset/cars/test_075.jpeg,plate,0.261574074,0.524781341,,,0.465277778,0.583090379,,
TRAIN,C:/Users/antor/Desktop/Number Plate/dataset/cars/test_076.jpeg,plate,0.195698925,0.42,,,0.406451613,0.482857143,,
TRAIN,C:/Users/antor/Desktop/Number Plate/dataset/cars/test_077.jpeg,plate,0.364197531,0.657971014,,,0.592592593,0.730434783,,
TRAIN,C:/Users/antor/Desktop/Number Plate/dataset/cars/test_078.jpeg,plate,0.24040404,0.666666667,,,0.529292929,0.74754902,,
TRAIN,C:/Users/antor/Desktop/Number Plate/dataset/cars/test_079.jpeg,plate,0.31352459,0.510928962,,,0.536885246,0.579234973,,
TRAIN,C:/Users/antor/Desktop/Number Plate/dataset/cars/test_080.jpeg,plate,0.359375,0.505050505,,,0.620535714,0.573232323,,
TRAIN,C:/Users/antor/Desktop/Number Plate/dataset/cars/test_081.jpeg,plate,0.367219917,0.466307278,,,0.609958506,0.539083558,,
TRAIN,C:/Users/antor/Desktop/Number Plate/dataset/cars/test_082.jpeg,plate,0.390295359,0.691011236,,,0.630801688,0.764044944,,
TRAIN,C:/Users/antor/Desktop/Number Plate/dataset/cars/test_083.jpeg,plate,0.558974359,0.547425474,,,0.736752137,0.612466125,,
TRAIN,C:/Users/antor/Desktop/Number Plate/dataset/cars/test_084.jpeg,plate,0.548514851,0.645945946,,,0.738613861,0.705405405,,
TRAIN,C:/Users/antor/Desktop/Number Plate/dataset/cars/test_085.jpeg,plate,0.587452471,0.651428571,,,0.807984791,0.725714286,,
TRAIN,C:/Users/antor/Desktop/Number Plate/dataset/cars/test_086.jpeg,plate,0.315294118,0.422155689,,,0.585882353,0.5,,
TRAIN,C:/Users/antor/Desktop/Number Plate/dataset/cars/test_087.jpeg,plate,0.458139535,0.725609756,,,0.706976744,0.798780488,,
TRAIN,C:/Users/antor/Desktop/Number Plate/dataset/cars/test_088.jpeg,plate,0.380252101,0.690072639,,,0.640756303,0.757869249,,
TRAIN,C:/Users/antor/Desktop/Number Plate/dataset/cars/test_089.jpeg,plate,0.411053541,0.70521542,,,0.675302245,0.784580499,,
TRAIN,C:/Users/antor/Desktop/Number Plate/dataset/cars/test_090.jpeg,plate,0.333333333,0.581113801,,,0.630081301,0.661016949,,
TRAIN,C:/Users/antor/Desktop/Number Plate/dataset/cars/test_091.jpeg,plate,0.338427948,0.496368039,,,0.650655022,0.576271186,,
TRAIN,C:/Users/antor/Desktop/Number Plate/dataset/cars/test_092.jpeg,plate,0.344554455,0.686486486,,,0.623762376,0.772972973,,
TRAIN,C:/Users/antor/Desktop/Number Plate/dataset/cars/test_093.jpeg,plate,0.247126437,0.464935065,,,0.478927203,0.535064935,,
TRAIN,C:/Users/antor/Desktop/Number Plate/dataset/cars/test_094.jpeg,plate,0.364605544,0.675126904,,,0.639658849,0.748730964,,
TRAIN,C:/Users/antor/Desktop/Number Plate/dataset/cars/test_095.jpeg,plate,0.400410678,0.466124661,,,0.650924025,0.54200542,,
TRAIN,C:/Users/antor/Desktop/Number Plate/dataset/cars/test_096.jpeg,plate,0.125233645,0.638121547,,,0.304672897,0.698895028,,
TRAIN,C:/Users/antor/Desktop/Number Plate/dataset/cars/test_097.jpeg,plate,0.206581353,0.653061224,,,0.391224863,0.711734694,,
TRAIN,C:/Users/antor/Desktop/Number Plate/dataset/cars/AYO9034.jpeg,plate,0.4125,0.572222222,,,0.5390625,0.644444444,,
TRAIN,C:/Users/antor/Desktop/Number Plate/dataset/cars/AZJ6991.jpeg,plate,0.4375,0.5015625,,,0.621875,0.5609375,,
TRAIN,C:/Users/antor/Desktop/Number Plate/dataset/cars/FZB9581.jpeg,plate,0.75546875,0.38515625,,,0.95703125,0.45,,
TRAIN,C:/Users/antor/Desktop/Number Plate/dataset/cars/GWT2180.jpeg,plate,0.41328125,0.42837274,,,0.590625,0.529902643,,
TRAIN,C:/Users/antor/Desktop/Number Plate/dataset/cars/HPM9362.jpeg,plate,0.45625,0.701041667,,,0.65859375,0.788541667,,
TRAIN,C:/Users/antor/Desktop/Number Plate/dataset/cars/JGZ3298.jpeg,plate,0.16796875,0.354166667,,,0.7984375,0.627083333,,
TRAIN,C:/Users/antor/Desktop/Number Plate/dataset/cars/JIT7463.jpeg,plate,0.370051635,0.486434109,,,0.628227194,0.532945736,,
TRAIN,C:/Users/antor/Desktop/Number Plate/dataset/cars/JIY4434.jpeg,plate,0.53671875,0.488857939,,,0.70703125,0.586350975,,
TRAIN,C:/Users/antor/Desktop/Number Plate/dataset/cars/JOG9221.jpeg,plate,0.4078125,0.446875,,,0.60859375,0.51171875,,
TRAIN,C:/Users/antor/Desktop/Number Plate/dataset/cars/JPQ9870.jpeg,plate,0.44609375,0.48671875,,,0.69609375,0.56796875,,
TRAIN,C:/Users/antor/Desktop/Number Plate/dataset/cars/JQS5683.jpeg,plate,0.4,0.41953125,,,0.54140625,0.46484375,,
TRAIN,C:/Users/antor/Desktop/Number Plate/dataset/cars/JQV5526.jpeg,plate,0.28828125,0.56328125,,,0.5015625,0.63203125,,
TRAIN,C:/Users/antor/Desktop/Number Plate/dataset/cars/JRD2238.jpeg,plate,0.325,0.46640625,,,0.44453125,0.5046875,,
TRAIN,C:/Users/antor/Desktop/Number Plate/dataset/cars/JRK5336.jpeg,plate,0.28828125,0.5125,,,0.44296875,0.5625,,
TRAIN,C:/Users/antor/Desktop/Number Plate/dataset/cars/JRV1942.jpeg,plate,0.43828125,0.48515625,,,0.64375,0.5515625,,
TRAIN,C:/Users/antor/Desktop/Number Plate/dataset/cars/JSC7486.jpeg,plate,0.3296875,0.4875,,,0.559375,0.56171875,,
TRAIN,C:/Users/antor/Desktop/Number Plate/dataset/cars/JSG9648.jpeg,plate,0.44609375,0.4453125,,,0.6234375,0.50234375,,
TRAIN,C:/Users/antor/Desktop/Number Plate/dataset/cars/JSK5419.jpeg,plate,0.38671875,0.47890625,,,0.65546875,0.565625,,
TRAIN,C:/Users/antor/Desktop/Number Plate/dataset/cars/JSP7678.jpeg,plate,0.32578125,0.37890625,,,0.6078125,0.4703125,,
TRAIN,C:/Users/antor/Desktop/Number Plate/dataset/cars/JSQ1413.jpeg,plate,0.43203125,0.6296875,,,0.65,0.7,,
TRAIN,C:/Users/antor/Desktop/Number Plate/dataset/cars/JST2699.jpeg,plate,0.29375,0.60234375,,,0.65546875,0.71953125,,
TRAIN,C:/Users/antor/Desktop/Number Plate/dataset/cars/MTW5608.jpeg,plate,0.3421875,0.601041667,,,0.60625,0.714583333,,
TRAIN,C:/Users/antor/Desktop/Number Plate/dataset/cars/MXQ1601.jpeg,plate,0.37109375,0.69609375,,,0.6359375,0.78203125,,
TRAIN,C:/Users/antor/Desktop/Number Plate/dataset/cars/MYX3152.jpeg,plate,0.2859375,0.59921875,,,0.54453125,0.6828125,,
TRAIN,C:/Users/antor/Desktop/Number Plate/dataset/cars/NTD9247.jpeg,plate,0.52890625,0.56328125,,,0.70703125,0.62109375,,
TRAIN,C:/Users/antor/Desktop/Number Plate/dataset/cars/NTH0518.jpeg,plate,0.30859375,0.54453125,,,0.6546875,0.65625,,
TRAIN,C:/Users/antor/Desktop/Number Plate/dataset/cars/NTK5785.jpeg,plate,0.40703125,0.53046875,,,0.5984375,0.5921875,,
TRAIN,C:/Users/antor/Desktop/Number Plate/dataset/cars/NTO1053.jpeg,plate,0.4375,0.43125,,,0.66484375,0.5046875,,
TRAIN,C:/Users/antor/Desktop/Number Plate/dataset/cars/NTV0498.jpeg,plate,0.4859375,0.5140625,,,0.67265625,0.57421875,,
TRAIN,C:/Users/antor/Desktop/Number Plate/dataset/cars/NYI3834.jpeg,plate,0.4046875,0.696875,,,0.6609375,0.7796875,,
TRAIN,C:/Users/antor/Desktop/Number Plate/dataset/cars/NYL3614.jpeg,plate,0.35078125,0.51875,,,0.55546875,0.58515625,,
TRAIN,C:/Users/antor/Desktop/Number Plate/dataset/cars/NYM7544.jpeg,plate,0.28671875,0.62421875,,,0.50625,0.6953125,,
TRAIN,C:/Users/antor/Desktop/Number Plate/dataset/cars/NYY1710.jpeg,plate,0.403125,0.606944444,,,0.59296875,0.715277778,,
TRAIN,C:/Users/antor/Desktop/Number Plate/dataset/cars/NYZ0897.jpeg,plate,0.41171875,0.531944444,,,0.540625,0.605555556,,
TRAIN,C:/Users/antor/Desktop/Number Plate/dataset/cars/NZF0384.jpeg,plate,0.4265625,0.56953125,,,0.60390625,0.6265625,,
TRAIN,C:/Users/antor/Desktop/Number Plate/dataset/cars/NZF7823.jpeg,plate,0.39921875,0.5390625,,,0.5671875,0.59296875,,
TRAIN,C:/Users/antor/Desktop/Number Plate/dataset/cars/NZJ6581.jpeg,plate,0.4015625,0.60078125,,,0.60546875,0.66640625,,
TRAIN,C:/Users/antor/Desktop/Number Plate/dataset/cars/NZM5430.jpeg,plate,0.3484375,0.53125,,,0.634375,0.6234375,,
TRAIN,C:/Users/antor/Desktop/Number Plate/dataset/cars/NZO6276.jpeg,plate,0.3578125,0.54921875,,,0.56015625,0.61484375,,
TRAIN,C:/Users/antor/Desktop/Number Plate/dataset/cars/NZP8292.jpeg,plate,0.43671875,0.49765625,,,0.67578125,0.575,,
TRAIN,C:/Users/antor/Desktop/Number Plate/dataset/cars/NZU2673.jpeg,plate,0.39140625,0.6375,,,0.60625,0.70703125,,
TRAIN,C:/Users/antor/Desktop/Number Plate/dataset/cars/NZW2197.jpeg,plate,0.37890625,0.659375,,,0.6484375,0.746875,,
TRAIN,C:/Users/antor/Desktop/Number Plate/dataset/cars/OCX4764.jpeg,plate,0.33125,0.73125,,,0.53203125,0.817708333,,
TRAIN,C:/Users/antor/Desktop/Number Plate/dataset/cars/ODC9387.jpeg,plate,0.4703125,0.738541667,,,0.64765625,0.814583333,,
TRAIN,C:/Users/antor/Desktop/Number Plate/dataset/cars/ODJ1599.jpeg,plate,0.4390625,0.55625,,,0.70625,0.671875,,
TRAIN,C:/Users/antor/Desktop/Number Plate/dataset/cars/OEL1145.jpeg,plate,0.18046875,0.521875,,,0.42421875,0.60078125,,
TRAIN,C:/Users/antor/Desktop/Number Plate/dataset/cars/OKK7448.jpeg,plate,0.41796875,0.63359375,,,0.61640625,0.69765625,,
TRAIN,C:/Users/antor/Desktop/Number Plate/dataset/cars/OKL0817.jpeg,plate,0.3734375,0.3234375,,,0.5671875,0.3859375,,
TRAIN,C:/Users/antor/Desktop/Number Plate/dataset/cars/OKL1235.jpeg,plate,0.39609375,0.619444444,,,0.54375,0.704166667,,
TRAIN,C:/Users/antor/Desktop/Number Plate/dataset/cars/OKM0944.jpeg,plate,0.234375,0.46484375,,,0.4109375,0.521875,,
TRAIN,C:/Users/antor/Desktop/Number Plate/dataset/cars/OKM2371.jpeg,plate,0.28671875,0.72421875,,,0.475,0.78515625,,
TRAIN,C:/Users/antor/Desktop/Number Plate/dataset/cars/OKP7250.jpeg,plate,0.38984375,0.71953125,,,0.63671875,0.79921875,,
TRAIN,C:/Users/antor/Desktop/Number Plate/dataset/cars/OKS0078.jpeg,plate,0.40703125,0.52734375,,,0.56484375,0.578125,,
TRAIN,C:/Users/antor/Desktop/Number Plate/dataset/cars/OKT3896.jpeg,plate,0.3640625,0.54453125,,,0.55234375,0.60546875,,
TRAIN,C:/Users/antor/Desktop/Number Plate/dataset/cars/OKV8004.jpeg,plate,0.36015625,0.62890625,,,0.58046875,0.7,,
TRAIN,C:/Users/antor/Desktop/Number Plate/dataset/cars/OLA1208.jpeg,plate,0.340625,0.684722222,,,0.5625,0.8125,,
TRAIN,C:/Users/antor/Desktop/Number Plate/dataset/cars/OLB4809.jpeg,plate,0.41171875,0.584722222,,,0.56015625,0.669444444,,
TRAIN,C:/Users/antor/Desktop/Number Plate/dataset/cars/OLC4728.jpeg,plate,0.40390625,0.572222222,,,0.6125,0.691666667,,
TRAIN,C:/Users/antor/Desktop/Number Plate/dataset/cars/OLC7676.jpeg,plate,0.409375,0.572222222,,,0.59921875,0.680555556,,
TRAIN,C:/Users/antor/Desktop/Number Plate/dataset/cars/OLE5095.jpeg,plate,0.37890625,0.658333333,,,0.57890625,0.773611111,,
TRAIN,C:/Users/antor/Desktop/Number Plate/dataset/cars/OUG6157.jpeg,plate,0.4796875,0.43046875,,,0.64921875,0.48515625,,
TRAIN,C:/Users/antor/Desktop/Number Plate/dataset/cars/OUH9191.jpeg,plate,0.40625,0.601388889,,,0.5796875,0.701388889,,
TRAIN,C:/Users/antor/Desktop/Number Plate/dataset/cars/OUM7311.jpeg,plate,0.4,0.6625,,,0.56171875,0.755555556,,
TRAIN,C:/Users/antor/Desktop/Number Plate/dataset/cars/OUN4297.jpeg,plate,0.40546875,0.602777778,,,0.59921875,0.713888889,,
TRAIN,C:/Users/antor/Desktop/Number Plate/dataset/cars/OUP1442.jpeg,plate,0.4859375,0.56015625,,,0.65078125,0.61328125,,
TRAIN,C:/Users/antor/Desktop/Number Plate/dataset/cars/OUP9563.jpeg,plate,0.3921875,0.48203125,,,0.59140625,0.54609375,,
TRAIN,C:/Users/antor/Desktop/Number Plate/dataset/cars/OUQ6314.jpeg,plate,0.38671875,0.691666667,,,0.55390625,0.7875,,
TRAIN,C:/Users/antor/Desktop/Number Plate/dataset/cars/OUW5216.jpeg,plate,0.41796875,0.663888889,,,0.60234375,0.769444444,,
TRAIN,C:/Users/antor/Desktop/Number Plate/dataset/cars/OUZ2198.jpeg,plate,0.375,0.629166667,,,0.55546875,0.733333333,,
TRAIN,C:/Users/antor/Desktop/Number Plate/dataset/cars/OVA1319.jpeg,plate,0.3359375,0.51015625,,,0.5359375,0.575,,
TRAIN,C:/Users/antor/Desktop/Number Plate/dataset/cars/OVK3653.jpeg,plate,0.378125,0.375,,,0.6640625,0.497916667,,
TRAIN,C:/Users/antor/Desktop/Number Plate/dataset/cars/OYJ9557.jpeg,plate,0.38515625,0.666666667,,,0.5671875,0.744791667,,
TRAIN,C:/Users/antor/Desktop/Number Plate/dataset/cars/OZC8400.jpeg,plate,0.37109375,0.5046875,,,0.6640625,0.59921875,,
TRAIN,C:/Users/antor/Desktop/Number Plate/dataset/cars/OZG3580.jpeg,plate,0.35859375,0.4421875,,,0.69609375,0.5515625,,
TRAIN,C:/Users/antor/Desktop/Number Plate/dataset/cars/OZK4620.jpeg,plate,0.6484375,0.46328125,,,0.93828125,0.55703125,,
TRAIN,C:/Users/antor/Desktop/Number Plate/dataset/cars/OZK6717.jpeg,plate,0.35390625,0.45078125,,,0.5609375,0.51796875,,
TRAIN,C:/Users/antor/Desktop/Number Plate/dataset/cars/OZL2318.jpeg,plate,0.4625,0.625,,,0.69609375,0.70078125,,
TRAIN,C:/Users/antor/Desktop/Number Plate/dataset/cars/OZP8126.jpeg,plate,0.4140625,0.57265625,,,0.64375,0.646875,,
TRAIN,C:/Users/antor/Desktop/Number Plate/dataset/cars/OZR2224.jpeg,plate,0.384375,0.7171875,,,0.659375,0.80625,,
TRAIN,C:/Users/antor/Desktop/Number Plate/dataset/cars/OZS6477.jpeg,plate,0.3453125,0.61015625,,,0.53828125,0.67265625,,
TRAIN,C:/Users/antor/Desktop/Number Plate/dataset/cars/OZU2104.jpeg,plate,0.34765625,0.52265625,,,0.60859375,0.60703125,,
TRAIN,C:/Users/antor/Desktop/Number Plate/dataset/cars/OZU5764.jpeg,plate,0.33671875,0.473611111,,,0.60078125,0.625,,
TRAIN,C:/Users/antor/Desktop/Number Plate/dataset/cars/OZV6697.jpeg,plate,0.33515625,0.441666667,,,0.5625,0.539583333,,
TRAIN,C:/Users/antor/Desktop/Number Plate/dataset/cars/PAG5219.jpeg,plate,0.4125,0.788888889,,,0.590625,0.891666667,,
TRAIN,C:/Users/antor/Desktop/Number Plate/dataset/cars/PJB2414.jpeg,plate,0.32734375,0.427777778,,,0.61484375,0.593055556,,
TRAIN,C:/Users/antor/Desktop/Number Plate/dataset/cars/PJB7392.jpeg,plate,0.33125,0.5109375,,,0.478125,0.55859375,,
TRAIN,C:/Users/antor/Desktop/Number Plate/dataset/cars/PJC4903.jpeg,plate,0.421875,0.5859375,,,0.64765625,0.65859375,,
TRAIN,C:/Users/antor/Desktop/Number Plate/dataset/cars/PJD2685.jpeg,plate,0.1703125,0.4875,,,0.37421875,0.553125,,
TRAIN,C:/Users/antor/Desktop/Number Plate/dataset/cars/PJF4224.jpeg,plate,0.4953125,0.62890625,,,0.70078125,0.6953125,,
TRAIN,C:/Users/antor/Desktop/Number Plate/dataset/cars/PJF5797.jpeg,plate,0.4140625,0.5015625,,,0.59765625,0.5609375,,
TRAIN,C:/Users/antor/Desktop/Number Plate/dataset/cars/PJG0783.jpeg,plate,0.0796875,0.40625,,,0.334375,0.48828125,,
TRAIN,C:/Users/antor/Desktop/Number Plate/dataset/cars/PJH0957.jpeg,plate,0.37734375,0.46953125,,,0.55859375,0.528125,,
TRAIN,C:/Users/antor/Desktop/Number Plate/dataset/cars/PJI5396.jpeg,plate,0.3515625,0.58359375,,,0.615625,0.66875,,
TRAIN,C:/Users/antor/Desktop/Number Plate/dataset/cars/PJI5921.jpeg,plate,0.43203125,0.4546875,,,0.6234375,0.51640625,,
TRAIN,C:/Users/antor/Desktop/Number Plate/dataset/cars/PJI7589.jpeg,plate,0.30078125,0.5375,,,0.50703125,0.60390625,,
TRAIN,C:/Users/antor/Desktop/Number Plate/dataset/cars/PJJ1406.jpeg,plate,0.38203125,0.4640625,,,0.56484375,0.5234375,,
TRAIN,C:/Users/antor/Desktop/Number Plate/dataset/cars/PJJ4955.jpeg,plate,0.31015625,0.5296875,,,0.55390625,0.60859375,,
TRAIN,C:/Users/antor/Desktop/Number Plate/dataset/cars/PJK4867.jpeg,plate,0.57890625,0.50234375,,,0.85234375,0.590625,,
TRAIN,C:/Users/antor/Desktop/Number Plate/dataset/cars/PJP2783.jpeg,plate,0.34296875,0.63828125,,,0.6390625,0.734375,,
TRAIN,C:/Users/antor/Desktop/Number Plate/dataset/cars/PJP8208.jpeg,plate,0.1375,0.38203125,,,0.3484375,0.45,,
TRAIN,C:/Users/antor/Desktop/Number Plate/dataset/cars/PJT2905.jpeg,plate,-0.00078125,0.4484375,,,0.21015625,0.51640625,,
TRAIN,C:/Users/antor/Desktop/Number Plate/dataset/cars/PJT4884.jpeg,plate,0.40859375,0.53828125,,,0.58984375,0.596875,,
TRAIN,C:/Users/antor/Desktop/Number Plate/dataset/cars/PJU2207.jpeg,plate,0.3296875,0.7140625,,,0.63984375,0.81484375,,
TRAIN,C:/Users/antor/Desktop/Number Plate/dataset/cars/PJU2853.jpeg,plate,0.3390625,0.751041667,,,0.55703125,0.844791667,,
TRAIN,C:/Users/antor/Desktop/Number Plate/dataset/cars/PJV9741.jpeg,plate,0.38671875,0.45859375,,,0.65625,0.54609375,,
TRAIN,C:/Users/antor/Desktop/Number Plate/dataset/cars/PJX5721.jpeg,plate,0.3875,0.669444444,,,0.5671875,0.772222222,,
TRAIN,C:/Users/antor/Desktop/Number Plate/dataset/cars/PJY5472.jpeg,plate,0.4453125,0.62421875,,,0.653125,0.69140625,,
TRAIN,C:/Users/antor/Desktop/Number Plate/dataset/cars/PJY8509.jpeg,plate,0.38828125,0.58203125,,,0.5703125,0.640625,,
TRAIN,C:/Users/antor/Desktop/Number Plate/dataset/cars/PUT6858.jpeg,plate,0.343055556,0.659722222,,,0.605555556,0.744444444,,
TRAIN,C:/Users/antor/Desktop/Number Plate/dataset/cars/PVX0095.jpeg,plate,0.057921635,0.244161359,,,0.841567291,0.560509554,,
TRAIN,C:/Users/antor/Desktop/Number Plate/dataset/cars/PWC0633.jpeg,plate,0.35078125,0.647916667,,,0.54140625,0.730208333,,
TRAIN,C:/Users/antor/Desktop/Number Plate/dataset/cars/PWF3266.jpeg,plate,0.34140625,0.779166667,,,0.571875,0.878125,,
TRAIN,C:/Users/antor/Desktop/Number Plate/dataset/cars/PXP8172.jpeg,plate,0.45,0.684375,,,0.6375,0.7453125,,
TRAIN,C:/Users/antor/Desktop/Number Plate/dataset/cars/PYB6477.jpeg,plate,0.65859375,0.62265625,,,0.884375,0.6953125,,
TRAIN,C:/Users/antor/Desktop/Number Plate/dataset/cars/0b86cecf-67d1-4fc0-87c9-b36b0ee228bb.jpeg,plate,0.486979167,0.335185185,,,0.538541667,0.380555556,,
TRAIN,C:/Users/antor/Desktop/Number Plate/dataset/cars/12c6cb72-3ea3-49e7-b381-e0cdfc5e8960.jpeg,plate,0.71171875,0.188888889,,,0.76015625,0.231944444,,
TRAIN,C:/Users/antor/Desktop/Number Plate/dataset/cars/1e241dc8-8f18-4955-8988-03a0ab49f813.jpeg,plate,0.44453125,0.441666667,,,0.49375,0.484722222,,
TRAIN,C:/Users/antor/Desktop/Number Plate/dataset/cars/21d8c31d-3deb-494b-9c63-c0223306fd82.jpeg,plate,0.5453125,0.118055556,,,0.590625,0.158333333,,
TRAIN,C:/Users/antor/Desktop/Number Plate/dataset/cars/22e54a62-57a8-4a0a-88c1-4b9758f67651.jpeg,plate,0.334375,0.2875,,,0.3796875,0.327777778,,
TRAIN,C:/Users/antor/Desktop/Number Plate/dataset/cars/316b64c0-55bf-4079-a1c0-d93f461a576f.jpeg,plate,0.041666667,0.750925926,,,0.134895833,0.833333333,,
TRAIN,C:/Users/antor/Desktop/Number Plate/dataset/cars/33fa5185-0286-4e8f-b775-46162eba39d4.jpeg,plate,0.5203125,0.173611111,,,0.565625,0.213888889,,
TRAIN,C:/Users/antor/Desktop/Number Plate/dataset/cars/37170dd1-2802-4e38-b982-c5d07c64ff67.jpeg,plate,0.365625,0.440277778,,,0.4171875,0.486111111,,
TRAIN,C:/Users/antor/Desktop/Number Plate/dataset/cars/3850ba91-3c64-4c64-acba-0c46b61ec0da.jpeg,plate,0.2546875,0.177777778,,,0.29921875,0.216666667,,
TRAIN,C:/Users/antor/Desktop/Number Plate/dataset/cars/4be2025c-09f7-4bb0-b1bd-8e8633e6dec1.jpeg,plate,0.278125,0.458333333,,,0.32578125,0.5,,
TRAIN,C:/Users/antor/Desktop/Number Plate/dataset/cars/5b562a61-34ad-4f00-9164-d34abb7a38e4.jpeg,plate,0.40859375,0.423611111,,,0.453125,0.4625,,
TRAIN,C:/Users/antor/Desktop/Number Plate/dataset/cars/7fbfbe28-aecb-45be-bd05-7cf26acb3c5c.jpeg,plate,0.35,0.379166667,,,0.39765625,0.420833333,,
TRAIN,C:/Users/antor/Desktop/Number Plate/dataset/cars/a03ced3f-5a97-4e75-8106-fabfd2b8b76e.jpeg,plate,0.69609375,0.101388889,,,0.74296875,0.143055556,,
TRAIN,C:/Users/antor/Desktop/Number Plate/dataset/cars/c9368c55-210d-456c-a5ef-c310e60039ec.jpeg,plate,0.615625,0.172222222,,,0.6625,0.213888889,,
TRAIN,C:/Users/antor/Desktop/Number Plate/dataset/cars/car1.jpeg,plate,0.405,0.593333333,,,0.596666667,0.688333333,,
TRAIN,C:/Users/antor/Desktop/Number Plate/dataset/cars/car11.jpeg,plate,0.07734375,0.35,,,0.14140625,0.392708333,,
TRAIN,C:/Users/antor/Desktop/Number Plate/dataset/cars/car12.jpeg,plate,0.260030864,0.592592593,,,0.378858025,0.6718107,,
TRAIN,C:/Users/antor/Desktop/Number Plate/dataset/cars/car13.jpeg,plate,0.4325,0.391666667,,,0.5925,0.498333333,,
TRAIN,C:/Users/antor/Desktop/Number Plate/dataset/cars/car15.jpeg,plate,0.190277778,0.383333333,,,0.358333333,0.508333333,,
TRAIN,C:/Users/antor/Desktop/Number Plate/dataset/cars/car16.jpeg,plate,0.486111111,0.75,,,0.606944444,0.839583333,,
TRAIN,C:/Users/antor/Desktop/Number Plate/dataset/cars/car17.jpeg,plate,0.034722222,0.3625,,,0.129166667,0.433333333,,
TRAIN,C:/Users/antor/Desktop/Number Plate/dataset/cars/car18.jpeg,plate,0.111111111,0.39375,,,0.219444444,0.475,,
TRAIN,C:/Users/antor/Desktop/Number Plate/dataset/cars/car19.jpeg,plate,0.283333333,0.36,,,0.611111111,0.605,,
TRAIN,C:/Users/antor/Desktop/Number Plate/dataset/cars/car2.jpeg,plate,0.204101563,0.815104167,,,0.288085938,0.87109375,,
TRAIN,C:/Users/antor/Desktop/Number Plate/dataset/cars/car21.jpeg,plate,0.225,0.347916667,,,0.27421875,0.380208333,,
TRAIN,C:/Users/antor/Desktop/Number Plate/dataset/cars/car22.jpeg,plate,0.37890625,0.385416667,,,0.421875,0.413541667,,
TRAIN,C:/Users/antor/Desktop/Number Plate/dataset/cars/car3.jpeg,plate,0.436946903,0.696614583,,,0.57079646,0.774739583,,
TRAIN,C:/Users/antor/Desktop/Number Plate/dataset/cars/car5.jpeg,plate,0.433333333,0.62,,,0.578333333,0.7275,,
TRAIN,C:/Users/antor/Desktop/Number Plate/dataset/cars/car6.jpeg,plate,0.4453125,0.258333333,,,0.571875,0.341666667,,
TRAIN,C:/Users/antor/Desktop/Number Plate/dataset/cars/car7.jpeg,plate,0.4265625,0.38,,,0.578125,0.494117647,,
TRAIN,C:/Users/antor/Desktop/Number Plate/dataset/cars/car8.jpeg,plate,0.358024691,0.603703704,,,0.525925926,0.666666667,,
TRAIN,C:/Users/antor/Desktop/Number Plate/dataset/cars/car9-0.jpeg,plate,0.807189542,0.295343137,,,0.965141612,0.339460784,,
TRAIN,C:/Users/antor/Desktop/Number Plate/dataset/cars/car9-1.jpeg,plate,0.699346405,0.28247549,,,0.903050109,0.339460784,,
TRAIN,C:/Users/antor/Desktop/Number Plate/dataset/cars/car9-2.jpeg,plate,0.458333333,0.424836601,,,0.517156863,0.477124183,,
TRAIN,C:/Users/antor/Desktop/Number Plate/dataset/cars/car9-4.jpeg,plate,0.680827887,0.304534314,,,0.801742919,0.338235294,,
TRAIN,C:/Users/antor/Desktop/Number Plate/dataset/cars/car9-5.jpeg,plate,0.515250545,0.260416667,,,0.659041394,0.300857843,,
TRAIN,C:/Users/antor/Desktop/Number Plate/dataset/cars/car9-7.jpeg,plate,0.104575163,0.306372549,,,0.253812636,0.348039216,,
TRAIN,C:/Users/antor/Desktop/Number Plate/dataset/cars/car9-9.jpeg,plate,0.447712418,0.302083333,,,0.546840959,0.329656863,,
TRAIN,C:/Users/antor/Desktop/Number Plate/dataset/cars/car9.jpeg,plate,0.572302558,0.45202952,,,0.638487208,0.506457565,,
TRAIN,C:/Users/antor/Desktop/Number Plate/dataset/cars/cfaa9dd2-a388-4e92-bb3a-ae65c28d8139.jpeg,plate,0.26640625,0.351388889,,,0.30703125,0.3875,,
TRAIN,C:/Users/antor/Desktop/Number Plate/dataset/cars/d4f79480-366a-40b6-ab2c-328bcba705b2.jpeg,plate,0.3734375,0.466666667,,,0.42890625,0.515277778,,
TRAIN,C:/Users/antor/Desktop/Number Plate/dataset/cars/e73fd200-7ba4-4725-9d1d-2ec710864df6.jpeg,plate,0.855208333,0.386111111,,,0.925520833,0.448148148,,
TRAIN,C:/Users/antor/Desktop/Number Plate/dataset/cars/f0a3b8c0-198a-471b-9ca9-345c3dd28073.jpeg,plate,0.2109375,0.404166667,,,0.26328125,0.45,,
TRAIN,C:/Users/antor/Desktop/Number Plate/dataset/cars/f8fc5e59-9083-466b-ae3f-6b869a0b257b.jpeg,plate,0.8265625,0.220833333,,,0.8765625,0.265277778,,
TRAIN,C:/Users/antor/Desktop/Number Plate/dataset/cars/us1.jpeg,plate,0.39140625,0.465277778,,,0.515625,0.575,,
TRAIN,C:/Users/antor/Desktop/Number Plate/dataset/cars/us10.jpeg,plate,0.32625,0.485,,,0.64,0.693333333,,
TRAIN,C:/Users/antor/Desktop/Number Plate/dataset/cars/us2.jpeg,plate,0.4765625,0.483333333,,,0.6515625,0.6,,
TRAIN,C:/Users/antor/Desktop/Number Plate/dataset/cars/us3.jpeg,plate,0.42,0.552,,,0.604,0.674666667,,
TRAIN,C:/Users/antor/Desktop/Number Plate/dataset/cars/us4.jpeg,plate,0.216666667,0.271356784,,,0.736666667,0.663316583,,
TRAIN,C:/Users/antor/Desktop/Number Plate/dataset/cars/us5.jpeg,plate,0.481121281,0.501128668,,,0.610983982,0.586155004,,
TRAIN,C:/Users/antor/Desktop/Number Plate/dataset/cars/us6.jpeg,plate,0.379583746,0.697788698,,,0.593657086,0.83046683,,
TRAIN,C:/Users/antor/Desktop/Number Plate/dataset/cars/us7.jpeg,plate,0.382222222,0.35,,,0.707777778,0.593333333,,
TRAIN,C:/Users/antor/Desktop/Number Plate/dataset/cars/us8.jpeg,plate,0.344444444,0.404444444,,,0.71,0.647407407,,
TRAIN,C:/Users/antor/Desktop/Number Plate/dataset/cars/wts-lg-000010.jpeg,plate,0.3625,0.611111111,,,0.45234375,0.690277778,,
TRAIN,C:/Users/antor/Desktop/Number Plate/dataset/cars/wts-lg-000011.jpeg,plate,0.20703125,0.3,,,0.318359375,0.3890625,,
TRAIN,C:/Users/antor/Desktop/Number Plate/dataset/cars/wts-lg-000012.jpeg,plate,0.44609375,0.393055556,,,0.53984375,0.476388889,,
TRAIN,C:/Users/antor/Desktop/Number Plate/dataset/cars/wts-lg-000013.jpeg,plate,0.4359375,0.770833333,,,0.52890625,0.852777778,,
TRAIN,C:/Users/antor/Desktop/Number Plate/dataset/cars/wts-lg-000014.jpeg,plate,0.43125,0.238888889,,,0.5015625,0.301388889,,
TRAIN,C:/Users/antor/Desktop/Number Plate/dataset/cars/wts-lg-000016.jpeg,plate,0.403125,0.430555556,,,0.4890625,0.506944444,,
TRAIN,C:/Users/antor/Desktop/Number Plate/dataset/cars/wts-lg-000017.jpeg,plate,0.39453125,0.559722222,,,0.50078125,0.654166667,,
TRAIN,C:/Users/antor/Desktop/Number Plate/dataset/cars/wts-lg-000018.jpeg,plate,0.24609375,0.455555556,,,0.31796875,0.519444444,,
TRAIN,C:/Users/antor/Desktop/Number Plate/dataset/cars/wts-lg-000020.jpeg,plate,0.36328125,0.278125,,,0.49609375,0.384375,,
TRAIN,C:/Users/antor/Desktop/Number Plate/dataset/cars/wts-lg-000021.jpeg,plate,0.538085938,0.4515625,,,0.608398438,0.5078125,,
TRAIN,C:/Users/antor/Desktop/Number Plate/dataset/cars/wts-lg-000022.jpeg,plate,0.532226563,0.3796875,,,0.59765625,0.43125,,
TRAIN,C:/Users/antor/Desktop/Number Plate/dataset/cars/wts-lg-000023.jpeg,plate,0.859375,0.2359375,,,0.948242188,0.30625,,
TRAIN,C:/Users/antor/Desktop/Number Plate/dataset/cars/wts-lg-000024.jpeg,plate,0.50390625,0.129166667,,,0.5953125,0.209722222,,
TRAIN,C:/Users/antor/Desktop/Number Plate/dataset/cars/wts-lg-000025.jpeg,plate,0.74609375,0.5375,,,0.8046875,0.588888889,,
TRAIN,C:/Users/antor/Desktop/Number Plate/dataset/cars/wts-lg-000026.jpeg,plate,0.3359375,0.151388889,,,0.41015625,0.216666667,,
TRAIN,C:/Users/antor/Desktop/Number Plate/dataset/cars/wts-lg-000027.jpeg,plate,0.69296875,0.284722222,,,0.79765625,0.377777778,,
TRAIN,C:/Users/antor/Desktop/Number Plate/dataset/cars/wts-lg-000028.jpeg,plate,0.27734375,0.593055556,,,0.39375,0.695833333,,
TRAIN,C:/Users/antor/Desktop/Number Plate/dataset/cars/wts-lg-000029.jpeg,plate,0.497070313,0.3953125,,,0.571289063,0.4546875,,
TRAIN,C:/Users/antor/Desktop/Number Plate/dataset/cars/wts-lg-000030.jpeg,plate,0.3734375,0.570833333,,,0.42890625,0.619444444,,
TRAIN,C:/Users/antor/Desktop/Number Plate/dataset/cars/wts-lg-000031.jpeg,plate,0.51015625,0.606944444,,,0.584375,0.672222222,,
TRAIN,C:/Users/antor/Desktop/Number Plate/dataset/cars/wts-lg-000032.jpeg,plate,0.17578125,0.468055556,,,0.23828125,0.523611111,,
TRAIN,C:/Users/antor/Desktop/Number Plate/dataset/cars/wts-lg-000033.jpeg,plate,0.49140625,0.473611111,,,0.55546875,0.530555556,,
TRAIN,C:/Users/antor/Desktop/Number Plate/dataset/cars/wts-lg-000034.jpeg,plate,0.81796875,0.438888889,,,0.865625,0.480555556,,
TRAIN,C:/Users/antor/Desktop/Number Plate/dataset/cars/wts-lg-000035.jpeg,plate,0.2725,0.61,,,0.345,0.658333333,,
TRAIN,C:/Users/antor/Desktop/Number Plate/dataset/cars/wts-lg-000036.jpeg,plate,0.606445313,0.4890625,,,0.66796875,0.5375,,
TRAIN,C:/Users/antor/Desktop/Number Plate/dataset/cars/wts-lg-000037.jpeg,plate,0.43671875,0.608333333,,,0.48828125,0.654166667,,
TRAIN,C:/Users/antor/Desktop/Number Plate/dataset/cars/wts-lg-000038.jpeg,plate,0.209960938,0.7484375,,,0.282226563,0.80625,,
TRAIN,C:/Users/antor/Desktop/Number Plate/dataset/cars/wts-lg-000039.jpeg,plate,0.25625,0.526666667,,,0.335,0.578333333,,
TRAIN,C:/Users/antor/Desktop/Number Plate/dataset/cars/wts-lg-000040.jpeg,plate,0.33984375,0.3234375,,,0.42578125,0.3921875,,
TRAIN,C:/Users/antor/Desktop/Number Plate/dataset/cars/wts-lg-000041.jpeg,plate,0.279296875,0.5984375,,,0.369140625,0.6703125,,
TRAIN,C:/Users/antor/Desktop/Number Plate/dataset/cars/wts-lg-000042.jpeg,plate,0.04375,0.771666667,,,0.13375,0.831666667,,
TRAIN,C:/Users/antor/Desktop/Number Plate/dataset/cars/wts-lg-000043.jpeg,plate,0.5328125,0.54125,,,0.603125,0.5975,,
TRAIN,C:/Users/antor/Desktop/Number Plate/dataset/cars/wts-lg-000044.jpeg,plate,0.329101563,0.85625,,,0.401367188,0.9140625,,
VALIDATION,C:/Users/antor/Desktop/Number Plate/dataset/cars/wts-lg-000045.jpeg,plate,0.266601563,0.496875,,,0.34375,0.5578125,,
VALIDATION,C:/Users/antor/Desktop/Number Plate/dataset/cars/wts-lg-000046.jpeg,plate,0.36953125,0.170833333,,,0.42890625,0.210416667,,
VALIDATION,C:/Users/antor/Desktop/Number Plate/dataset/cars/wts-lg-000047.jpeg,plate,0.44765625,0.330555556,,,0.49140625,0.369444444,,
VALIDATION,C:/Users/antor/Desktop/Number Plate/dataset/cars/wts-lg-000048.jpeg,plate,0.38125,0.823611111,,,0.4390625,0.875,,
VALIDATION,C:/Users/antor/Desktop/Number Plate/dataset/cars/wts-lg-000049.jpeg,plate,0.5046875,0.452777778,,,0.5625,0.504166667,,
VALIDATION,C:/Users/antor/Desktop/Number Plate/dataset/cars/wts-lg-000050.jpeg,plate,0.43828125,0.811111111,,,0.490625,0.856944444,,
VALIDATION,C:/Users/antor/Desktop/Number Plate/dataset/cars/wts-lg-000051.jpeg,plate,0.590625,0.63125,,,0.6671875,0.6925,,
VALIDATION,C:/Users/antor/Desktop/Number Plate/dataset/cars/wts-lg-000052.jpeg,plate,0.3765625,0.691666667,,,0.4296875,0.738888889,,
VALIDATION,C:/Users/antor/Desktop/Number Plate/dataset/cars/wts-lg-000053.jpeg,plate,0.4671875,0.629166667,,,0.51953125,0.675,,
VALIDATION,C:/Users/antor/Desktop/Number Plate/dataset/cars/wts-lg-000055.jpeg,plate,0.23125,0.748611111,,,0.30859375,0.816666667,,
VALIDATION,C:/Users/antor/Desktop/Number Plate/dataset/cars/wts-lg-000056.jpeg,plate,0.453125,0.70625,,,0.541015625,0.7765625,,
VALIDATION,C:/Users/antor/Desktop/Number Plate/dataset/cars/wts-lg-000057.jpeg,plate,0.30078125,0.270833333,,,0.38515625,0.345833333,,
VALIDATION,C:/Users/antor/Desktop/Number Plate/dataset/cars/wts-lg-000058.jpeg,plate,0.55390625,0.268055556,,,0.59453125,0.304166667,,
VALIDATION,C:/Users/antor/Desktop/Number Plate/dataset/cars/wts-lg-000059.jpeg,plate,0.10625,0.598611111,,,0.1796875,0.663888889,,
VALIDATION,C:/Users/antor/Desktop/Number Plate/dataset/cars/wts-lg-000060.jpeg,plate,0.26171875,0.408333333,,,0.35,0.486111111,,
VALIDATION,C:/Users/antor/Desktop/Number Plate/dataset/cars/wts-lg-000061.jpeg,plate,0.23984375,0.19375,,,0.296875,0.23875,,
VALIDATION,C:/Users/antor/Desktop/Number Plate/dataset/cars/wts-lg-000062.jpeg,plate,0.5171875,0.722222222,,,0.58125,0.779166667,,
VALIDATION,C:/Users/antor/Desktop/Number Plate/dataset/cars/wts-lg-000063.jpeg,plate,0.31625,0.686666667,,,0.4175,0.753333333,,
VALIDATION,C:/Users/antor/Desktop/Number Plate/dataset/cars/wts-lg-000064.jpeg,plate,0.3453125,0.53,,,0.4203125,0.59,,
VALIDATION,C:/Users/antor/Desktop/Number Plate/dataset/cars/wts-lg-000065.jpeg,plate,0.209375,0.566666667,,,0.2953125,0.643055556,,
VALIDATION,C:/Users/antor/Desktop/Number Plate/dataset/cars/wts-lg-000066.jpeg,plate,0.51015625,0.884722222,,,0.5859375,0.951388889,,
VALIDATION,C:/Users/antor/Desktop/Number Plate/dataset/cars/wts-lg-000067.jpeg,plate,0.251953125,0.3734375,,,0.313476563,0.421875,,
VALIDATION,C:/Users/antor/Desktop/Number Plate/dataset/cars/wts-lg-000068.jpeg,plate,0.7075,0.904,,,0.78125,0.962,,
VALIDATION,C:/Users/antor/Desktop/Number Plate/dataset/cars/wts-lg-000069.jpeg,plate,0.584375,0.822222222,,,0.64765625,0.877777778,,
VALIDATION,C:/Users/antor/Desktop/Number Plate/dataset/cars/wts-lg-000070.jpeg,plate,0.48984375,0.688888889,,,0.57578125,0.765277778,,
VALIDATION,C:/Users/antor/Desktop/Number Plate/dataset/cars/wts-lg-000071.jpeg,plate,0.329101563,0.8375,,,0.387695313,0.884375,,
VALIDATION,C:/Users/antor/Desktop/Number Plate/dataset/cars/wts-lg-000072.jpeg,plate,0.91796875,0.790625,,,0.975585938,0.8359375,,
VALIDATION,C:/Users/antor/Desktop/Number Plate/dataset/cars/wts-lg-000073.jpeg,plate,0.7890625,0.468055556,,,0.8625,0.533333333,,
VALIDATION,C:/Users/antor/Desktop/Number Plate/dataset/cars/wts-lg-000074.jpeg,plate,0.7140625,0.436111111,,,0.8078125,0.519444444,,
VALIDATION,C:/Users/antor/Desktop/Number Plate/dataset/cars/wts-lg-000075.jpeg,plate,0.625,0.556944444,,,0.69921875,0.622222222,,
VALIDATION,C:/Users/antor/Desktop/Number Plate/dataset/cars/wts-lg-000076.jpeg,plate,0.32890625,0.365277778,,,0.409375,0.436111111,,
VALIDATION,C:/Users/antor/Desktop/Number Plate/dataset/cars/wts-lg-000077.jpeg,plate,0.4,0.502777778,,,0.48359375,0.576388889,,
VALIDATION,C:/Users/antor/Desktop/Number Plate/dataset/cars/wts-lg-000078.jpeg,plate,0.425,0.522222222,,,0.496875,0.586111111,,
VALIDATION,C:/Users/antor/Desktop/Number Plate/dataset/cars/wts-lg-000079.jpeg,plate,0.921875,0.011111111,,,0.99609375,0.076388889,,
VALIDATION,C:/Users/antor/Desktop/Number Plate/dataset/cars/wts-lg-000080.jpeg,plate,0.30703125,0.375,,,0.39375,0.451388889,,
VALIDATION,C:/Users/antor/Desktop/Number Plate/dataset/cars/wts-lg-000082.jpeg,plate,0.15234375,0.291666667,,,0.235351563,0.346354167,,
VALIDATION,C:/Users/antor/Desktop/Number Plate/dataset/cars/wts-lg-000083.jpeg,plate,0.4921875,0.880555556,,,0.55625,0.9375,,
VALIDATION,C:/Users/antor/Desktop/Number Plate/dataset/cars/wts-lg-000084.jpeg,plate,0.33984375,0.577777778,,,0.41640625,0.645833333,,
VALIDATION,C:/Users/antor/Desktop/Number Plate/dataset/cars/wts-lg-000085.jpeg,plate,0.51953125,0.7921875,,,0.59765625,0.8546875,,
VALIDATION,C:/Users/antor/Desktop/Number Plate/dataset/cars/wts-lg-000086.jpeg,plate,0.1453125,0.304166667,,,0.22265625,0.372222222,,
VALIDATION,C:/Users/antor/Desktop/Number Plate/dataset/cars/wts-lg-000087.jpeg,plate,0.540625,0.809722222,,,0.6171875,0.877777778,,
VALIDATION,C:/Users/antor/Desktop/Number Plate/dataset/cars/wts-lg-000088.jpeg,plate,0.474609375,0.3234375,,,0.528320313,0.365625,,
VALIDATION,C:/Users/antor/Desktop/Number Plate/dataset/cars/wts-lg-000089.jpeg,plate,0.432617188,0.5015625,,,0.481445313,0.540625,,
VALIDATION,C:/Users/antor/Desktop/Number Plate/dataset/cars/wts-lg-000090.jpeg,plate,0.17109375,0.265277778,,,0.2421875,0.327777778,,
VALIDATION,C:/Users/antor/Desktop/Number Plate/dataset/cars/wts-lg-000091.jpeg,plate,0.58984375,0.19375,,,0.65234375,0.24375,,
VALIDATION,C:/Users/antor/Desktop/Number Plate/dataset/cars/wts-lg-000094.jpeg,plate,0.432617188,0.5984375,,,0.533203125,0.678125,,
VALIDATION,C:/Users/antor/Desktop/Number Plate/dataset/cars/wts-lg-000095.jpeg,plate,0.500976563,0.4765625,,,0.572265625,0.5328125,,
VALIDATION,C:/Users/antor/Desktop/Number Plate/dataset/cars/wts-lg-000096.jpeg,plate,0.18515625,0.330555556,,,0.24765625,0.386111111,,
VALIDATION,C:/Users/antor/Desktop/Number Plate/dataset/cars/wts-lg-000097.jpeg,plate,0.48203125,0.768055556,,,0.55234375,0.830555556,,
VALIDATION,C:/Users/antor/Desktop/Number Plate/dataset/cars/wts-lg-000098.jpeg,plate,0.67890625,0.572222222,,,0.74609375,0.631944444,,
VALIDATION,C:/Users/antor/Desktop/Number Plate/dataset/cars/wts-lg-000099.jpeg,plate,0.25546875,0.394444444,,,0.3203125,0.451388889,,
VALIDATION,C:/Users/antor/Desktop/Number Plate/dataset/cars/wts-lg-000100.jpeg,plate,0.196875,0.718055556,,,0.27109375,0.783333333,,
VALIDATION,C:/Users/antor/Desktop/Number Plate/dataset/cars/wts-lg-000101.jpeg,plate,0.82734375,0.525,,,0.9015625,0.590277778,,
VALIDATION,C:/Users/antor/Desktop/Number Plate/dataset/cars/wts-lg-000102.jpeg,plate,0.5140625,0.686111111,,,0.57421875,0.738888889,,
VALIDATION,C:/Users/antor/Desktop/Number Plate/dataset/cars/wts-lg-000106.jpeg,plate,0.314453125,0.4625,,,0.384765625,0.51875,,
VALIDATION,C:/Users/antor/Desktop/Number Plate/dataset/cars/wts-lg-000113.jpeg,plate,0.36640625,0.4875,,,0.45546875,0.566666667,,
VALIDATION,C:/Users/antor/Desktop/Number Plate/dataset/cars/wts-lg-000115.jpeg,plate,0.21875,0.773611111,,,0.32578125,0.868055556,,
VALIDATION,C:/Users/antor/Desktop/Number Plate/dataset/cars/wts-lg-000117.jpeg,plate,0.55703125,0.691666667,,,0.63359375,0.759722222,,
VALIDATION,C:/Users/antor/Desktop/Number Plate/dataset/cars/wts-lg-000118.jpeg,plate,0.64609375,0.288888889,,,0.709375,0.344444444,,
VALIDATION,C:/Users/antor/Desktop/Number Plate/dataset/cars/wts-lg-000119.jpeg,plate,0.5265625,0.283333333,,,0.59140625,0.340277778,,
VALIDATION,C:/Users/antor/Desktop/Number Plate/dataset/cars/wts-lg-000120.jpeg,plate,0.3765625,0.405555556,,,0.44375,0.465277778,,
VALIDATION,C:/Users/antor/Desktop/Number Plate/dataset/cars/wts-lg-000121.jpeg,plate,0.6875,0.127777778,,,0.746875,0.180555556,,
VALIDATION,C:/Users/antor/Desktop/Number Plate/dataset/cars/wts-lg-000122.jpeg,plate,0.52265625,0.3125,,,0.58984375,0.372222222,,
VALIDATION,C:/Users/antor/Desktop/Number Plate/dataset/cars/wts-lg-000123.jpeg,plate,0.4984375,0.406944444,,,0.565625,0.466666667,,
VALIDATION,C:/Users/antor/Desktop/Number Plate/dataset/cars/wts-lg-000124.jpeg,plate,0.63359375,0.198611111,,,0.6953125,0.252777778,,
VALIDATION,C:/Users/antor/Desktop/Number Plate/dataset/cars/wts-lg-000125.jpeg,plate,0.54921875,0.347222222,,,0.6109375,0.401388889,,
TEST,C:/Users/antor/Desktop/Number Plate/dataset/cars/wts-lg-000126.jpeg,plate,0.6078125,0.001388889,,,0.66328125,0.05,,
TEST,C:/Users/antor/Desktop/Number Plate/dataset/cars/wts-lg-000127.jpeg,plate,0.52265625,0.2875,,,0.58828125,0.345833333,,
TEST,C:/Users/antor/Desktop/Number Plate/dataset/cars/wts-lg-000128.jpeg,plate,0.54453125,0.381944444,,,0.609375,0.438888889,,
TEST,C:/Users/antor/Desktop/Number Plate/dataset/cars/wts-lg-000129.jpeg,plate,0.76171875,0.566666667,,,0.8734375,0.665277778,,
TEST,C:/Users/antor/Desktop/Number Plate/dataset/cars/wts-lg-000130.jpeg,plate,0.484375,0.377777778,,,0.55078125,0.436111111,,
TEST,C:/Users/antor/Desktop/Number Plate/dataset/cars/wts-lg-000131.jpeg,plate,0.53671875,0.331944444,,,0.60078125,0.388888889,,
TEST,C:/Users/antor/Desktop/Number Plate/dataset/cars/wts-lg-000132.jpeg,plate,0.61328125,0.181944444,,,0.67578125,0.2375,,
TEST,C:/Users/antor/Desktop/Number Plate/dataset/cars/wts-lg-000133.jpeg,plate,0.47734375,0.330555556,,,0.54296875,0.388888889,,
TEST,C:/Users/antor/Desktop/Number Plate/dataset/cars/wts-lg-000134.jpeg,plate,0.49140625,0.386111111,,,0.56171875,0.448611111,,
TEST,C:/Users/antor/Desktop/Number Plate/dataset/cars/wts-lg-000135.jpeg,plate,0.37265625,0.586111111,,,0.47734375,0.679166667,,
TEST,C:/Users/antor/Desktop/Number Plate/dataset/cars/wts-lg-000136.jpeg,plate,0.5703125,0.461111111,,,0.6796875,0.558333333,,
TEST,C:/Users/antor/Desktop/Number Plate/dataset/cars/wts-lg-000137.jpeg,plate,0.51484375,0.447222222,,,0.62421875,0.544444444,,
TEST,C:/Users/antor/Desktop/Number Plate/dataset/cars/wts-lg-000138.jpeg,plate,0.6828125,0.484722222,,,0.77421875,0.565277778,,
TEST,C:/Users/antor/Desktop/Number Plate/dataset/cars/wts-lg-000139.jpeg,plate,0.62734375,0.138888889,,,0.684375,0.188888889,,
TEST,C:/Users/antor/Desktop/Number Plate/dataset/cars/wts-lg-000140.jpeg,plate,0.559375,0.284722222,,,0.62578125,0.343055556,,
TEST,C:/Users/antor/Desktop/Number Plate/dataset/cars/wts-lg-000141.jpeg,plate,0.334375,0.255555556,,,0.39921875,0.3125,,
TEST,C:/Users/antor/Desktop/Number Plate/dataset/cars/wts-lg-000142.jpeg,plate,0.203125,0.605555556,,,0.27890625,0.672222222,,
TEST,C:/Users/antor/Desktop/Number Plate/dataset/cars/wts-lg-000143.jpeg,plate,0.3015625,0.443055556,,,0.37109375,0.504166667,,
TEST,C:/Users/antor/Desktop/Number Plate/dataset/cars/wts-lg-000144.jpeg,plate,0.515625,0.448611111,,,0.625,0.545833333,,
TEST,C:/Users/antor/Desktop/Number Plate/dataset/cars/wts-lg-000145.jpeg,plate,0.5109375,0.375,,,0.57421875,0.430555556,,
TEST,C:/Users/antor/Desktop/Number Plate/dataset/cars/wts-lg-000146.jpeg,plate,0.61171875,0.279166667,,,0.671875,0.331944444,,
TEST,C:/Users/antor/Desktop/Number Plate/dataset/cars/wts-lg-000147.jpeg,plate,0.57109375,0.170833333,,,0.628125,0.220833333,,
TEST,C:/Users/antor/Desktop/Number Plate/dataset/cars/wts-lg-000148.jpeg,plate,0.22890625,0.451388889,,,0.2984375,0.5125,,
TEST,C:/Users/antor/Desktop/Number Plate/dataset/cars/wts-lg-000149.jpeg,plate,0.4703125,0.343055556,,,0.5375,0.402777778,,
TEST,C:/Users/antor/Desktop/Number Plate/dataset/cars/wts-lg-000150.jpeg,plate,0.38671875,0.429166667,,,0.45625,0.490277778,,
TEST,C:/Users/antor/Desktop/Number Plate/dataset/cars/wts-lg-000151.jpeg,plate,0.4109375,0.134722222,,,0.47265625,0.188888889,,
TEST,C:/Users/antor/Desktop/Number Plate/dataset/cars/wts-lg-000152.jpeg,plate,0.56015625,0.226388889,,,0.62265625,0.281944444,,
TEST,C:/Users/antor/Desktop/Number Plate/dataset/cars/wts-lg-000154.jpeg,plate,0.1921875,0.423611111,,,0.26640625,0.488888889,,
TEST,C:/Users/antor/Desktop/Number Plate/dataset/cars/wts-lg-000155.jpeg,plate,0.62109375,0.404166667,,,0.721875,0.493055556,,
TEST,C:/Users/antor/Desktop/Number Plate/dataset/cars/wts-lg-000156.jpeg,plate,0.5984375,0.344444444,,,0.6609375,0.4,,
TEST,C:/Users/antor/Desktop/Number Plate/dataset/cars/wts-lg-000157.jpeg,plate,0.4640625,0.408333333,,,0.53046875,0.466666667,,
TEST,C:/Users/antor/Desktop/Number Plate/dataset/cars/wts-lg-000158.jpeg,plate,0.6171875,0.443055556,,,0.725,0.538888889,,
TEST,C:/Users/antor/Desktop/Number Plate/dataset/cars/wts-lg-000159.jpeg,plate,0.3765625,0.420833333,,,0.45859375,0.493055556,,
TEST,C:/Users/antor/Desktop/Number Plate/dataset/cars/wts-lg-000160.jpeg,plate,0.35546875,0.438888889,,,0.42421875,0.5,,
TEST,C:/Users/antor/Desktop/Number Plate/dataset/cars/wts-lg-000161.jpeg,plate,0.39609375,0.586111111,,,0.475,0.655555556,,
TEST,C:/Users/antor/Desktop/Number Plate/dataset/cars/wts-lg-000162.jpeg,plate,0.59453125,0.481944444,,,0.7046875,0.579166667,,
TEST,C:/Users/antor/Desktop/Number Plate/dataset/cars/wts-lg-000163.jpeg,plate,0.57109375,0.125,,,0.6515625,0.195833333,,
TEST,C:/Users/antor/Desktop/Number Plate/dataset/cars/wts-lg-000164.jpeg,plate,0.65859375,0.430555556,,,0.76484375,0.525,,
TEST,C:/Users/antor/Desktop/Number Plate/dataset/cars/wts-lg-000165.jpeg,plate,0.6578125,0.391666667,,,0.76796875,0.488888889,,
TEST,C:/Users/antor/Desktop/Number Plate/dataset/cars/wts-lg-000166.jpeg,plate,0.39140625,0.151388889,,,0.45078125,0.204166667,,
TEST,C:/Users/antor/Desktop/Number Plate/dataset/cars/wts-lg-000167.jpeg,plate,0.3703125,0.626388889,,,0.44453125,0.691666667,,
TEST,C:/Users/antor/Desktop/Number Plate/dataset/cars/wts-lg-000168.jpeg,plate,0.24765625,0.723611111,,,0.375,0.836111111,,
TEST,C:/Users/antor/Desktop/Number Plate/dataset/cars/wts-lg-000169.jpeg,plate,0.4765625,0.472222222,,,0.546875,0.534722222,,
TEST,C:/Users/antor/Desktop/Number Plate/dataset/cars/wts-lg-000170.jpeg,plate,0.35703125,0.481944444,,,0.428125,0.544444444,,
TEST,C:/Users/antor/Desktop/Number Plate/dataset/cars/wts-lg-000171.jpeg,plate,0.5390625,0.344444444,,,0.64453125,0.4375,,
TEST,C:/Users/antor/Desktop/Number Plate/dataset/cars/wts-lg-000172.jpeg,plate,0.4265625,0.504166667,,,0.49140625,0.561111111,,
TEST,C:/Users/antor/Desktop/Number Plate/dataset/cars/wts-lg-000173.jpeg,plate,0.50859375,0.325,,,0.5734375,0.381944444,,
TEST,C:/Users/antor/Desktop/Number Plate/dataset/cars/wts-lg-000174.jpeg,plate,0.3453125,0.390277778,,,0.41640625,0.452777778,,
TEST,C:/Users/antor/Desktop/Number Plate/dataset/cars/wts-lg-000175.jpeg,plate,0.4765625,0.548611111,,,0.58671875,0.645833333,,
TEST,C:/Users/antor/Desktop/Number Plate/dataset/cars/wts-lg-000176.jpeg,plate,0.659375,0.548611111,,,0.77265625,0.648611111,,
TEST,C:/Users/antor/Desktop/Number Plate/dataset/cars/wts-lg-000177.jpeg,plate,0.3296875,0.597222222,,,0.40703125,0.665277778,,
TEST,C:/Users/antor/Desktop/Number Plate/dataset/cars/wts-lg-000178.jpeg,plate,0.496875,0.261111111,,,0.55859375,0.315277778,,
TEST,C:/Users/antor/Desktop/Number Plate/dataset/cars/wts-lg-000179.jpeg,plate,0.4984375,0.225,,,0.55859375,0.277777778,,
TEST,C:/Users/antor/Desktop/Number Plate/dataset/cars/wts-lg-000181.jpeg,plate,0.4734375,0.579166667,,,0.56484375,0.659722222,,
TEST,C:/Users/antor/Desktop/Number Plate/dataset/cars/wts-lg-000183.jpeg,plate,0.70625,0.138888889,,,0.76640625,0.191666667,,
TEST,C:/Users/antor/Desktop/Number Plate/dataset/cars/wts-lg-000186.jpeg,plate,0.040625,0.394444444,,,0.11328125,0.458333333,,
TEST,C:/Users/antor/Desktop/Number Plate/dataset/cars/wts-lg-000187.jpeg,plate,0.36171875,0.305555556,,,0.4296875,0.365277778,,
TEST,C:/Users/antor/Desktop/Number Plate/dataset/cars/wts-lg-000188.jpeg,plate,0.28046875,0.252777778,,,0.346875,0.311111111,,
TEST,C:/Users/antor/Desktop/Number Plate/dataset/cars/wts-lg-000189.jpeg,plate,0.73046875,0.251388889,,,0.78984375,0.304166667,,
TEST,C:/Users/antor/Desktop/Number Plate/dataset/cars/wts-lg-000190.jpeg,plate,0.29609375,0.595833333,,,0.3734375,0.663888889,,
TEST,C:/Users/antor/Desktop/Number Plate/dataset/cars/wts-lg-000191.jpeg,plate,0.5921875,0.634722222,,,0.7,0.730555556,,
TEST,C:/Users/antor/Desktop/Number Plate/dataset/cars/wts-lg-000192.jpeg,plate,0.44765625,0.416666667,,,0.51328125,0.475,,
TEST,C:/Users/antor/Desktop/Number Plate/dataset/cars/wts-lg-000193.jpeg,plate,0.38671875,0.588888889,,,0.49921875,0.688888889,,
TEST,C:/Users/antor/Desktop/Number Plate/dataset/cars/wts-lg-000194.jpeg,plate,0.67109375,0.011111111,,,0.7359375,0.068055556,,
TEST,C:/Users/antor/Desktop/Number Plate/dataset/cars/wts-lg-000195.jpeg,plate,0.4875,0.509722222,,,0.5546875,0.569444444,,
TEST,C:/Users/antor/Desktop/Number Plate/dataset/cars/wts-lg-000196.jpeg,plate,0.525,0.601388889,,,0.63125,0.695833333,,
TEST,C:/Users/antor/Desktop/Number Plate/dataset/cars/wts-lg-000197.jpeg,plate,0.54921875,0.013888889,,,0.60625,0.063888889,,
TEST,C:/Users/antor/Desktop/Number Plate/dataset/cars/wts-lg-000199.jpeg,plate,0.18984375,0.236111111,,,0.25078125,0.290277778,,